0,2.87195559146779
0.0666666666666667,3.18674084492056
0.133333333333333,1.47752416019707
0.2,1.71759737758543
0.266666666666667,3.53892421812291
0.333333333333333,3.23551712907632
0.4,2.04933065847482
0.466666666666667,2.20586573187297
0.533333333333333,3.52064678212504
0.6,2.47080631384007
0.666666666666667,2.84210971389442
0.733333333333333,2.02818672929417
0.8,3.09794218677782
0.866666666666667,3.15476325746665
0.933333333333333,2.70962046974272
1,2.84074568839875
1.06666666666667,2.65808272747123
1.13333333333333,1.7153220929928
1.2,3.02116240164578
1.26666666666667,2.24710965052179
1.33333333333333,2.11008015981233
1.4,1.95439402609781
1.46666666666667,2.21677646559836
1.53333333333333,2.34139305491926
1.6,3.04236467972796
1.66666666666667,2.35568036500104
1.73333333333333,1.90909760903734
1.8,1.62049475535729
1.86666666666667,2.06717645764758
1.93333333333333,2.03909513946211
2,2.29716132872021
2.06666666666667,2.08084673345557
2.13333333333333,1.9793620771904
2.2,2.10181333255853
2.26666666666667,2.14439942115376
2.33333333333333,2.07661497839649
2.4,1.27316414102239
2.46666666666667,1.43913263147483
2.53333333333333,2.19069370854113
2.6,1.53726267015684
2.66666666666667,1.91460024047314
2.73333333333333,1.71066357528732
2.8,1.83914500370239
2.86666666666667,1.15749873648179
2.93333333333333,1.0677953047575
3,1.70120849554982
3.06666666666667,1.70624843133593
3.13333333333333,0.815753264864273
3.2,0.968653468421638
3.26666666666667,1.32039265528894
3.33333333333333,1.28962946720603
3.4,1.2799809242801
3.46666666666667,1.06131588252277
3.53333333333333,0.810854742079506
3.6,1.26880138178379
3.66666666666667,1.23482562650579
3.73333333333333,1.07320533867458
3.8,0.974971660681727
3.86666666666667,1.41718221058469
3.93333333333333,0.935372322089431
4,1.22068164132141
4.06666666666667,0.730941017693556
4.13333333333333,0.723375308794779
4.2,0.792327055985666
4.26666666666667,0.473476758107162
4.33333333333333,0.647075145623284
4.4,0.561165404533247
4.46666666666667,1.00256813580005
4.53333333333333,0.528769869021593
4.6,0.587808636120375
4.66666666666667,0.507017976887738
4.73333333333333,0.889856655708428
4.8,0.624336889949485
4.86666666666667,0.711190889381702
4.93333333333333,0.940669938544014
5,0.477511581623694
5.06666666666667,0.756653243130449
5.13333333333333,0.580510294301012
5.2,0.543262306764222
5.26666666666667,0.644211112332882
5.33333333333333,0.596629630465155
5.4,0.359038134933192
5.46666666666667,0.550852793771013
5.53333333333333,0.383942106156132
5.6,0.359528765918613
5.66666666666667,0.76932466991884
5.73333333333333,0.633991292304295
5.8,0.488199295335004
5.86666666666667,0.293920894749961
5.93333333333333,0.322535521298728
6,0.396239578473934
6.06666666666667,0.495221899021958
6.13333333333333,0.574910709237172
6.2,0.515551786417713
6.26666666666667,0.438262026485039
6.33333333333333,0.432804238786367
6.4,0.461953988384614
6.46666666666667,0.456024029474748
6.53333333333333,0.776150461303348
6.6,0.599652833234755
6.66666666666667,0.462258663986337
6.73333333333333,0.417173799276193
6.8,0.622559733221438
6.86666666666667,0.550465244770546
6.93333333333333,0.330012411664331
7,0.555847271811491
7.06666666666667,0.301346180776457
7.13333333333333,0.370151473257865
7.2,0.411968965852034
7.26666666666667,0.535637678269496
7.33333333333333,0.459855978659641
7.4,0.425197023978828
7.46666666666667,0.327081186131158
7.53333333333333,0.260580399379659
7.6,0.300881090977508
7.66666666666667,0.392886366189602
7.73333333333333,0.41584519942385
7.8,0.422166246064741
7.86666666666667,0.281798561335235
7.93333333333333,0.20616935882647
8,0.561010522749714
8.06666666666667,0.410864869136114
8.13333333333333,0.315017393850543
8.2,0.412808911851459
8.26666666666667,0.420655745207848
8.33333333333333,0.342457679508398
8.4,0.335373354805875
8.46666666666667,0.375686842725498
8.53333333333333,0.295501366851818
8.6,0.336407864362108
8.66666666666667,0.34312951913158
8.73333333333333,0.395899842402112
8.8,0.313179063245168
8.86666666666667,0.347403734095385
8.93333333333333,0.280095902384816
9,0.346170390632205
9.06666666666667,0.353347055171419
9.13333333333333,0.378928782255677
9.2,0.328721622724641
9.26666666666667,0.218372834288438
9.33333333333333,0.271391078613619
9.4,0.476871343278784
9.46666666666667,0.211270029498474
9.53333333333333,0.452399494895679
9.6,0.36263529562423
9.66666666666667,0.35446008216527
9.73333333333333,0.333742079799292
9.8,0.216348107321169
9.86666666666667,0.257965737799669
9.93333333333333,0.257860290136518
10,0.273758221117239
10.0666666666667,0.578993323123868
10.1333333333333,0.480118147895144
10.2,0.304081457013497
10.2666666666667,0.22871066698728
10.3333333333333,0.249147929619429
10.4,0.256979321999285
10.4666666666667,0.342244430954806
10.5333333333333,0.402281083296416
10.6,0.320170061399241
10.6666666666667,0.276655503209049
10.7333333333333,0.46406618147731
10.8,0.229450274837313
10.8666666666667,0.293600703548268
10.9333333333333,0.230820840484863
11,0.223589210037693
11.0666666666667,0.190187281170478
11.1333333333333,0.42747335118117
11.2,0.180576005913571
11.2666666666667,0.236469854386524
11.3333333333333,0.273125387055887
11.4,0.349112248178843
11.4666666666667,0.193706229294278
11.5333333333333,0.355438863380594
11.6,0.282103483895693
11.6666666666667,0.262052355574095
11.7333333333333,0.360884167144669
11.8,0.221763091978353
11.8666666666667,0.37698435846067
11.9333333333333,0.27892334276932
12,0.248573305085324
12.0666666666667,0.214148273564463
12.1333333333333,0.276654978571422
12.2,0.214242071785388
12.2666666666667,0.177554066119429
12.3333333333333,0.244511772957533
12.4,0.259243793476258
12.4666666666667,0.226924267294492
12.5333333333333,0.291147337699288
12.6,0.166831243567497
12.6666666666667,0.25460064701429
12.7333333333333,0.223376611592072
12.8,0.301576877174663
12.8666666666667,0.318183387625617
12.9333333333333,0.218522036134932
13,0.271722885227008
13.0666666666667,0.267100957624827
13.1333333333333,0.252071795870364
13.2,0.352188440641498
13.2666666666667,0.222942006073311
13.3333333333333,0.246408475259378
13.4,0.166597902854764
13.4666666666667,0.264227847790346
13.5333333333333,0.175892318849776
13.6,0.252343174302348
13.6666666666667,0.293243340711424
13.7333333333333,0.486545614690798
13.8,0.200832852300023
13.8666666666667,0.218888839248503
13.9333333333333,0.255558967240453
14,0.205549634306543
14.0666666666667,0.258623570115427
14.1333333333333,0.292043025658765
14.2,0.484451077198763
14.2666666666667,0.304994182283554
14.3333333333333,0.191793407129053
14.4,0.263553153497949
14.4666666666667,0.286280238936326
14.5333333333333,0.294524366476303
14.6,0.140272871523938
14.6666666666667,0.166308152028496
14.7333333333333,0.307903413035068
14.8,0.290623694030436
14.8666666666667,0.172237064227271
14.9333333333333,0.149241056572791
15,0.231980099655662
15.0666666666667,0.32589856740886
15.1333333333333,0.196809686000793
15.2,0.161710445121969
15.2666666666667,0.321574924822323
15.3333333333333,0.335130923317446
15.4,0.23816673176539
15.4666666666667,0.16742875366003
15.5333333333333,0.217070204036756
15.6,0.278397941891066
15.6666666666667,0.195648539399836
15.7333333333333,0.230265221258787
15.8,0.226644600215075
15.8666666666667,0.248605924969622
15.9333333333333,0.202058509738878
16,0.290022425589665
16.0666666666667,0.188832659013951
16.1333333333333,0.187386562990982
16.2,0.192970160423862
16.2666666666667,0.22559666569849
16.3333333333333,0.228271443379961
16.4,0.147263915721301
16.4666666666667,0.28624753354281
16.5333333333333,0.16581014176358
16.6,0.148430043476143
16.6666666666667,0.218862839403422
16.7333333333333,0.210196112615252
16.8,0.138542022204022
16.8666666666667,0.29092583884336
16.9333333333333,0.191279359246088
17,0.157810033509361
17.0666666666667,0.321844501257867
17.1333333333333,0.153316209207827
17.2,0.170219453354618
17.2666666666667,0.208508216358318
17.3333333333333,0.171639783330731
17.4,0.184360070954617
17.4666666666667,0.135629101980878
17.5333333333333,0.1822031377806
17.6,0.22258766633065
17.6666666666667,0.202647625709626
17.7333333333333,0.190042873436923
17.8,0.123702264034681
17.8666666666667,0.223667876486687
17.9333333333333,0.152842017989254
18,0.153295927903533
18.0666666666667,0.209076558236525
18.1333333333333,0.146079399539419
18.2,0.175246951695362
18.2666666666667,0.151506061840674
18.3333333333333,0.275606211032573
18.4,0.206048419949932
18.4666666666667,0.16853324255678
18.5333333333333,0.111066658929123
18.6,0.150039407028828
18.6666666666667,0.137229200109145
18.7333333333333,0.191732984934486
18.8,0.155112193384698
18.8666666666667,0.15143169546644
18.9333333333333,0.199602644172243
19,0.208554611447434
19.0666666666667,0.154749797220661
19.1333333333333,0.161226732732897
19.2,0.274676968686519
19.2666666666667,0.144442262737456
19.3333333333333,0.154046832050374
19.4,0.165451836471673
19.4666666666667,0.176908772779747
19.5333333333333,0.206954672282979
19.6,0.111968534115834
19.6666666666667,0.16338857877535
19.7333333333333,0.154561468819661
19.8,0.186279164190204
19.8666666666667,0.127084211217799
19.9333333333333,0.147530734571583
20,0.116183688026917
20.0666666666667,0.122252121676775
20.1333333333333,0.214607552421278
20.2,0.110350308363012
20.2666666666667,0.120609243305241
20.3333333333333,0.1765332563283
20.4,0.159289065212384
20.4666666666667,0.167281206701398
20.5333333333333,0.15917945557789
20.6,0.146798096664313
20.6666666666667,0.208041895406
20.7333333333333,0.141670659467925
20.8,0.112447041564472
20.8666666666667,0.142912378646972
20.9333333333333,0.149833248219087
21,0.208870741091478
21.0666666666667,0.170002365433425
21.1333333333333,0.132231882793585
21.2,0.182524498353767
21.2666666666667,0.150130372845831
21.3333333333333,0.137468229214084
21.4,0.176693958876681
21.4666666666667,0.140920151787473
21.5333333333333,0.133408376557742
21.6,0.177342457203019
21.6666666666667,0.104356367774497
21.7333333333333,0.130531487183435
21.8,0.118069066715409
21.8666666666667,0.168231203502249
21.9333333333333,0.111532149948343
22,0.187293488479219
22.0666666666667,0.136612147303041
22.1333333333333,0.156888241512289
22.2,0.195216926493435
22.2666666666667,0.157825696103441
22.3333333333333,0.112163192486017
22.4,0.119541072877509
22.4666666666667,0.153252016926802
22.5333333333333,0.120639145589004
22.6,0.199664810415466
22.6666666666667,0.135721152463956
22.7333333333333,0.108738000721935
22.8,0.249859033702766
22.8666666666667,0.119101536068608
22.9333333333333,0.149664697040701
23,0.184599855374378
23.0666666666667,0.128663812217981
23.1333333333333,0.125793071152387
23.2,0.116106510209125
23.2666666666667,0.196189544617841
23.3333333333333,0.146891076876474
23.4,0.159449850892796
23.4666666666667,0.144308033569235
23.5333333333333,0.132842196866597
23.6,0.149277874276773
23.6666666666667,0.137546531429108
23.7333333333333,0.152646644752503
23.8,0.111151221768857
23.8666666666667,0.188877194082568
23.9333333333333,0.145294256275141
24,0.0955797401440769
24.0666666666667,0.136186495114171
24.1333333333333,0.131414436874405
24.2,0.18183301087178
24.2666666666667,0.142571302008339
24.3333333333333,0.112240542729573
24.4,0.119442490235658
24.4666666666667,0.203661561453998
24.5333333333333,0.0884137380607384
24.6,0.249518606296839
24.6666666666667,0.121826851551413
24.7333333333333,0.13255631466492
24.8,0.115249051073857
24.8666666666667,0.128060783328295
24.9333333333333,0.13990428841613
25,0.145411287265339
25.0666666666667,0.140204642555363
25.1333333333333,0.109560342727702
25.2,0.133047017943273
25.2666666666667,0.124487013463221
25.3333333333333,0.135459356973732
25.4,0.158540826580728
25.4666666666667,0.122635876728089
25.5333333333333,0.105705554053757
25.6,0.153527092670602
25.6666666666667,0.133667244225315
25.7333333333333,0.158425940643038
25.8,0.0984887732712981
25.8666666666667,0.135814703071226
25.9333333333333,0.179850865079581
26,0.132429611500029
26.0666666666667,0.146762148813944
26.1333333333333,0.23125252780025
26.2,0.138959971678858
26.2666666666667,0.121412242673516
26.3333333333333,0.138306793716067
26.4,0.164701570472372
26.4666666666667,0.115247580068362
26.5333333333333,0.206726916697419
26.6,0.113904051968369
26.6666666666667,0.13405142741747
26.7333333333333,0.143190053261383
26.8,0.148966436457976
26.8666666666667,0.123692854015221
26.9333333333333,0.18646160915404
27,0.265776038594086
27.0666666666667,0.12320726421251
27.1333333333333,0.101922428742527
27.2,0.13914695252112
27.2666666666667,0.186881397306963
27.3333333333333,0.163605818138945
27.4,0.121754874931985
27.4666666666667,0.176834843336212
27.5333333333333,0.161743287284505
27.6,0.0925920718264671
27.6666666666667,0.128274354512197
27.7333333333333,0.144493385995529
27.8,0.200684480076448
27.8666666666667,0.165586976906677
27.9333333333333,0.0682975515209107
28,0.169276676613573
28.0666666666667,0.156996170355293
28.1333333333333,0.181196967544512
28.2,0.122779049243779
28.2666666666667,0.107674016942836
28.3333333333333,0.136892585805138
28.4,0.085466681095123
28.4666666666667,0.160907558568887
28.5333333333333,0.124004959893007
28.6,0.107746412927703
28.6666666666667,0.0956873948107779
28.7333333333333,0.159332319688763
28.8,0.117881056791923
28.8666666666667,0.115245916444532
28.9333333333333,0.129868177971834
29,0.0962083728557387
29.0666666666667,0.162818498539733
29.1333333333333,0.107684581227439
29.2,0.127990119394958
29.2666666666667,0.139709441343728
29.3333333333333,0.213059297750919
29.4,0.103563895046398
29.4666666666667,0.114336189614862
29.5333333333333,0.107440195756561
29.6,0.112523623258199
29.6666666666667,0.10900847216204
29.7333333333333,0.106046034044805
29.8,0.0916435295555569
29.8666666666667,0.140776471265129
29.9333333333333,0.118525116419534
30,0.167653985253404
30.0666666666667,0.112572651042363
30.1333333333333,0.140373291457292
30.2,0.138097264473012
30.2666666666667,0.164502111120003
30.3333333333333,0.140194891358317
30.4,0.0800055037827019
30.4666666666667,0.0701841643591832
30.5333333333333,0.165398837642822
30.6,0.161555565567358
30.6666666666667,0.132846872496855
30.7333333333333,0.153575569873951
30.8,0.0861779597818023
30.8666666666667,0.0756401474079348
30.9333333333333,0.114743306327563
31,0.0747104659233211
31.0666666666667,0.159067998232834
31.1333333333333,0.157118917287435
31.2,0.159447350501293
31.2666666666667,0.107349386166421
31.3333333333333,0.0877074889994107
31.4,0.168357427455303
31.4666666666667,0.132906821928991
31.5333333333333,0.157135686727591
31.6,0.121788843946236
31.6666666666667,0.131124372780899
31.7333333333333,0.175198148534911
31.8,0.160517113243816
31.8666666666667,0.0996181007126532
31.9333333333333,0.0981004099084558
32,0.187917833476366
32.0666666666667,0.0942868874663368
32.1333333333333,0.153140796104657
32.2,0.104362229082765
32.2666666666667,0.0749608545047305
32.3333333333333,0.0724272333547915
32.4,0.107378371389761
32.4666666666667,0.106884782045144
32.5333333333333,0.0903555636176384
32.6,0.106160860740608
32.6666666666667,0.114007083684116
32.7333333333333,0.097095130183557
32.8,0.10805599418949
32.8666666666667,0.0812323930845273
32.9333333333333,0.182111436872589
33,0.08903714245751
33.0666666666667,0.132829003236229
33.1333333333333,0.122613801516959
33.2,0.0927016072877492
33.2666666666667,0.13328537439933
33.3333333333333,0.117305839995223
33.4,0.127109217098771
33.4666666666667,0.0629132010469595
33.5333333333333,0.137427347031978
33.6,0.130406039759134
33.6666666666667,0.111315537550168
33.7333333333333,0.108730874135486
33.8,0.10651727693906
33.8666666666667,0.218972281692659
33.9333333333333,0.0718790236307043
34,0.151992071252964
34.0666666666667,0.096969503801752
34.1333333333333,0.149540324789174
34.2,0.150466659183028
34.2666666666667,0.0863236503529707
34.3333333333333,0.111130632233148
34.4,0.0572902908559651
34.4666666666667,0.102331955716569
34.5333333333333,0.127969523373206
34.6,0.0845501363346883
34.6666666666667,0.15124321398584
34.7333333333333,0.0977691719150886
34.8,0.0989037455653979
34.8666666666667,0.0795980513219826
34.9333333333333,0.0732738741154815
35,0.0864658966933775
35.0666666666667,0.172622929926659
35.1333333333333,0.129644737299248
35.2,0.108346793477108
35.2666666666667,0.0867663491226163
35.3333333333333,0.0978375286699566
35.4,0.0798202325529064
35.4666666666667,0.106748002979733
35.5333333333333,0.0916497659893902
35.6,0.0673933215792369
35.6666666666667,0.110154648589616
35.7333333333333,0.0639503880102558
35.8,0.10575000844454
35.8666666666667,0.152124378251401
35.9333333333333,0.0664782555057703
36,0.0944818030110631
36.0666666666667,0.0657436190715582
36.1333333333333,0.0754880458143874
36.2,0.117999974868659
36.2666666666667,0.0814488710844548
36.3333333333333,0.111864691866343
36.4,0.0891183715705857
36.4666666666667,0.139673496259444
36.5333333333333,0.0589293435560026
36.6,0.104200655875914
36.6666666666667,0.0639642551863944
36.7333333333333,0.109854689619478
36.8,0.0608071508874987
36.8666666666667,0.0838499967614341
36.9333333333333,0.0643002260741405
37,0.0750361863007718
37.0666666666667,0.0731112979753367
37.1333333333333,0.0701275583442139
37.2,0.141084503384978
37.2666666666667,0.0823606893461727
37.3333333333333,0.0719558446331912
37.4,0.0634616107197505
37.4666666666667,0.126453985616847
37.5333333333333,0.0795210461235193
37.6,0.0913111330595659
37.6666666666667,0.0489230288250468
37.7333333333333,0.0793477276251837
37.8,0.109818024073977
37.8666666666667,0.0794136285940639
37.9333333333333,0.0582280396641834
38,0.0994987834589224
38.0666666666667,0.0585435881725055
38.1333333333333,0.0783753113497527
38.2,0.122230911033376
38.2666666666667,0.0889073687034356
38.3333333333333,0.0850660704146163
38.4,0.0990296686705545
38.4666666666667,0.0704610622838477
38.5333333333333,0.0670942154855179
38.6,0.0773786898672081
38.6666666666667,0.0669572062249526
38.7333333333333,0.0780041949819376
38.8,0.068386496392765
38.8666666666667,0.0569697704646062
38.9333333333333,0.0789043229496219
39,0.0763581549599431
39.0666666666667,0.0730225289494068
39.1333333333333,0.071669838338856
39.2,0.0478205728388762
39.2666666666667,0.0637639939350004
39.3333333333333,0.0812096244074535
39.4,0.0615062244873032
39.4666666666667,0.0527422945032041
39.5333333333333,0.0871531571060382
39.6,0.0690414862332327
39.6666666666667,0.0623054558440762
39.7333333333333,0.0485627429382204
39.8,0.105039992728766
39.8666666666667,0.059197327332632
39.9333333333333,0.0582178397521769
40,0.0758331349982762
,0.0529143703654795
,0.0699182414468882
,0.0668680070304173
,0.0613590539149227
,0.110714967278713
,0.0824602111076126
,0.0708194437773409
,0.0649807900284424
,0.0573195520200165
,0.070010780157222
,0.0424018447015931
,0.0665107682090132
,0.0681365588809355
,0.0791266842621144
,0.0797536355413129
,0.0728844960316823
,0.0865004299828361
,0.0497976966672024
,0.0508918026744673
,0.064359182827523
,0.0400030398642303
,0.0718700231779482
,0.050505452429695
,0.04158411613833
,0.0763722664985244
,0.0737421116539592
,0.0448584452809472
,0.0624309069702444
,0.0534880810565527
,0.05804852127329
,0.0866215855289705
,0.054740715689156
,0.0843097639629085
,0.0556349756524922
,0.0493739145172482
,0.048223078955517
,0.0584523650079153
,0.0666851548759543
,0.0599125234480129
,0.0496782067453833
,0.066631695129418
,0.0513792498403379
,0.051367065490681
,0.0511602534773561
,0.0475304741410278
,0.0583628336339476
,0.0594521411850898
,0.0463504287521551
,0.0671014596396661
,0.0391724893347851
,0.051603667436262
,0.0576183246509532
,0.0406705977863177
,0.0380425090026452
,0.0374605633401929
,0.0452141268566007
,0.0389288529125916
,0.0606309336932719
,0.0487092704313825
,0.0499539280458137
,0.0477864970281563
,0.042173136435524
,0.0615536360262796
,0.0567021721823331
,0.0546085203853826
,0.0491636283869936
,0.066695021144248
,0.0578109605804827
,0.0624794803322403
,0.0327314176213326
,0.0453043482312137
,0.055984550570675
,0.0376899074080271
,0.0520207014220821
,0.0694397088767803
,0.0360560496675451
,0.067035219719351
,0.0543134846887479
,0.0376001844912653
,0.0393814597660344
,0.0607661041709447
,0.0491001157555551
,0.047714686146305
,0.0343409545360138
,0.062234892977953
,0.0464548656204146
,0.0508649304637582
,0.0478930338945289
,0.0553064012378402
,0.0498047108760969
,0.0553725032812856
,0.0353958971966837
,0.0298871953755317
,0.0591743635524713
,0.0564453810544873
,0.0367961448532369
,0.0435124858085058
,0.0661104003582026
,0.0392704802870223
,0.0714810630626308
,0.0572060975979848
,0.038588803458956
,0.0419000956399661
,0.0723582534139378
,0.0544230163947338
,0.0520366054002185
,0.0468146231445766
,0.0543927250783328
,0.0338268550101379
,0.0709520600865251
,0.0341531895348874
,0.0409284154658812
,0.0462033190672282
,0.0520063556046008
,0.0335381421955898
,0.0443072134837811
,0.0539102440721168
,0.03819294957881
,0.0630409928623539
,0.0460627697596987
,0.0438885314048844
,0.0430402885645248
,0.044299461800209
,0.0429372112830068
,0.043049295899901
,0.0460767937446013
,0.0563520581564084
,0.0482980005727711
,0.0381943262586578
,0.061753723504372
,0.0523342810227103
,0.0251458018525742
,0.0399106799591015
,0.0435507938844114
,0.0432800627461347
,0.0590341057073892
,0.0475247488604106
,0.0521127852276701
,0.0462196246724208
,0.0376871832310438
,0.0546988309233298
,0.0447562725162691
,0.0406118651954215
,0.048609747537382
,0.0275665613650003
,0.05290824392953
,0.0470143205994039
,0.0315459320639516
,0.0632329952975363
,0.0262811210956319
,0.0429646316627187
,0.0260608711156274
,0.0400614553719964
,0.0352624474087793
,0.0430706858838463
,0.0436150868163767
,0.0440600514910854
,0.0284704057584859
,0.0288459785357653
,0.048675253605201
,0.0538837062104668
,0.0463502974049136
,0.0493616984802493
,0.0503737911875127
,0.0587568884665647
,0.0448434379236112
,0.045453827989169
,0.0526425629986477
,0.0286871180801302
,0.0467156685080311
,0.0407148905395079
,0.0613742581055326
,0.0582209319450692
,0.037483801165113
,0.0461607391211686
,0.0238600180974072
,0.0482885974207095
,0.0355605868826873
,0.0304831250944803
,0.0293280872112759
,0.0548876358636394
,0.0440310627278725
,0.0442844471480339
,0.054365915728578
,0.0360423431901596
,0.030376274070261
,0.0230699140605047
,0.0602885746224539
,0.0333955303323323
,0.036182777506717
,0.0374014852806289
,0.0434423722196499
,0.0314376929496139
,0.0481794509390336
,0.0415196868224433
,0.0289037650337744
,0.04198320882811
,0.0638990538734882
,0.0336480602428819
,0.0399654086353211
,0.0412926081440708
,0.0541035534121911
,0.0560503026960388
,0.0288312673028472
,0.0408645473586811
,0.031391988617192
,0.0354065169836354
,0.0429543750176333
,0.0347827477564304
,0.0514698809096197
,0.043328074674249
,0.0368744692239652
,0.0350330864734583
,0.0464446149527802
,0.0516832889193936
,0.0485934883391226
,0.0323947106278124
,0.0469557738218227
,0.0428940243132475
,0.0384145939146665
,0.045211760371364
,0.0582563514398008
,0.0299954692807644
,0.0363109368146888
,0.0385518505742292
,0.0495360486951971
,0.0357667829514179
,0.0385570989467975
,0.0322815663734217
,0.0477119692628873
,0.0376736133543543
,0.035483271063201
,0.0297469229203413
,0.0408086713740152
,0.0456021351187865
,0.0492035664634441
,0.0492267836950507
,0.0528838938032453
,0.050585955212328
,0.0355757918098561
,0.0309533052005177
,0.0380310809728661
,0.0482475217269834
,0.0431757779684638
,0.03884283998589
,0.0321334518073294
,0.0331363526929883
,0.0405936537150495
,0.0328551822602852
,0.0519862537706448
,0.0353171419610944
,0.0396142091030003
,0.0451637337499696
,0.0375045510421905
,0.0331562409030338
,0.0284156942801776
,0.03138114855889
,0.0297251606231766
,0.0277611384019555
,0.0278377822133133
,0.0443730111987283
,0.0409320657488181
,0.0284347510465894
,0.0350156016622397
,0.0411046749611795
,0.0373247890920957
,0.0337026644459333
,0.0328419083276962
,0.0325624118007501
,0.0366893730030009
,0.0465595654837661
,0.0353765289997902
,0.0284997485200989
,0.0309731099551612
,0.0368733285685497
,0.054046286370966
,0.0369395858437805
,0.0341530538355143
,0.0284897484066389
,0.0430497459246335
,0.0397795060244193
,0.048160481332222
,0.0334815674714244
,0.0261032345272127
,0.0461017324341453
,0.0423520359877988
,0.0305804652835565
,0.0381143058358662
,0.0295435750858842
,0.0512810563510481
,0.0286397345730656
,0.0532452831678285
,0.0354124534917439
,0.0284640009119676
,0.0388259717244966
,0.02515035188602
,0.0311047464695599
,0.0218647938040657
,0.0243454655944204
,0.0279764760536224
,0.0178291159634557
,0.0303647454280089
,0.0307948226928295
,0.0352410631241804
,0.0319397329358031
,0.0359979400053638
,0.0429955751493367
,0.0321344118499639
,0.0308034688633368
,0.026975458729646
,0.0283996093889197
,0.0280248042574344
,0.0334356716206183
,0.0417567650652
,0.0334315628016476
,0.0370757229605359
,0.0378073612019807
,0.0339134933512559
,0.0324129604765563
,0.0300268390797722
,0.0435126162797871
,0.0339106010007679
,0.0246271562392856
,0.0274286958785681
,0.0348063774449365
,0.0348972610796738
,0.0254655143778092
,0.0370256734999777
,0.0386693437703839
,0.0242475560290224
,0.0340245761440126
,0.0294108163539596
,0.0359913321846237
,0.0322687403233128
,0.0283141468010207
,0.0333768472604978
,0.0222925087316152
,0.0270511073036972
,0.024258200321061
,0.0437585635021398
,0.0293637923556973
,0.0363660855847416
,0.0317214621679375
,0.0303499244736057
,0.0254968435406025
,0.044241916464821
,0.027198656924308
,0.0371374055482135
,0.0311632806415023
,0.0246769224972722
,0.0209815144896744
,0.0213638273485968
,0.0327536560127374
,0.0412654807288238
,0.0298224715264949
,0.0391728813407035
,0.0383181554330545
,0.0274868604294733
,0.0341819365621039
,0.0220026044606163
,0.0377890830561255
,0.0233882887662998
,0.028423694862879
,0.0294254154186156
,0.0349888085609308
,0.0349818291562329
,0.0296137189086791
,0.0254346664209668
,0.033597531996547
,0.018071765926415
,0.032774892661058
,0.0345605662401731
,0.0201254429007771
,0.0378504887493521
,0.0380990693706703
,0.0274602910233935
,0.0459354817246686
,0.0573448080149499
,0.0240071677461994
,0.030783739053129
,0.036243811110715
,0.0488411204035456
,0.0410328615825495
,0.0641679748708657
,0.182260162213876
,0.0344828712233659
,0.0422018592557373
,0.107408075115986
,0.0547332787656137
,0.052977005559288
,0.0668682520884055
,0.0604560810563818
,0.0489137514504677
,0.171320335043374
,0.0622944434042881
,0.0823915702417229
,0.0538780232339282
,0.0463043299732991
,0.111155811009087
,0.0729019155793211
,0.0599643073597481
,0.071153315771806
,0.0707414111782755
,0.111282046761164
,0.0552317565406326
,0.0703389178176323
,0.100659549071136
,0.0899572629565394
,0.0713793965494838
,0.0639282750641829
,0.0980758750100292
,0.061732932365793
,0.0489879654271704
,0.0499237124321278
,0.0768462772159659
,0.0583536029356206
,0.0647010187800399
,0.071188384283868
,0.0801850926833751
,0.0527050821302937
,0.0833855004994803
,0.0630313290732334
,0.0494132657555188
,0.0483678162074114
,0.0663801672581143
,0.0554102652286706
,0.0525281496355723
,0.0698454302080861
,0.050081080489531
,0.0509380001969985
,0.0347473042810125
,0.0816479875393986
,0.0693034997816244
,0.0503965516433619
,0.0769690265893682
,0.0627209839934041
,0.0762112052895343
,0.0643571454253407
,0.0444314559281178
,0.0930219445128921
,0.0655235804460616
,0.043271648000251
,0.067265820382651
,0.0711815134574103
,0.0541922506099145
,0.0577827654393197
,0.0512176661217293
,0.0476966537560267
,0.0479137708919338
,0.0485603561831012
,0.0492456751618558
,0.0450044340118773
,0.0737186936681916
,0.0592967136876681
,0.0533177861157413
,0.0301800767745562
,0.0487146540512382
,0.05382907556928
,0.0707814370548292
,0.0576165594093062
,0.0524575394063508
,0.0821507124225855
,0.0576267069982266
,0.0562128437931694
,0.0711007910884562
,0.0578253940604436
,0.0541862006499631
,0.0519123973311291
,0.0395787579802105
,0.0635852739464569
,0.0572132405400383
,0.0437986647406644
,0.0510777145746205
,0.0678238559266579
,0.0411360742958502
,0.0491489720479345
,0.0508423342272787
,0.0468802627466228
,0.056101823738726
,0.0424190094229713
,0.0416376515314806
,0.0384246289761278
,0.045961246273384
,0.0538338522284586
,0.0348451209775397
,0.0426413146638503
,0.0242925408038108
,0.0468105070041924
,0.0571356647175784
,0.0409317771120968
,0.0426131989548808
,0.0501779017107405
,0.0656332141242654
,0.0642781287011813
,0.045151903752393
,0.0442815971959245
,0.0493490936822542
,0.0505371378948392
,0.0348727748918552
,0.052239172661052
,0.0432416721121394
,0.037837646768811
,0.0367430197872424
,0.038418792894942
,0.0447111833316698
,0.030919997560331
,0.0377547961323331
,0.0395094605180737
,0.0396652718696337
,0.035390407118541
,0.0419571510810935
,0.0486615437657295
,0.0307271983902796
,0.0466404571120014
,0.0401700579008586
,0.0595077117993335
,0.0401468231732725
,0.0397978165206338
,0.0549257243026851
,0.0408700411971134
,0.0188255147735594
,0.0361865691636944
,0.0370963574121715
,0.0442645387671046
,0.0449262726221157
,0.0421324753961202
,0.0304483277908389
,0.0388049688003125
,0.0330189011692102
,0.0271728023004484
,0.0308393869850915
,0.0463913431412318
,0.0515565265394803
,0.0387010922686866
,0.0398130619561714
,0.0414957679115206
,0.03331871391594
,0.0324938973383216
,0.0455748726515875
,0.043186176972344
,0.0370511668015034
,0.0492413522769916
,0.0340366586608168
,0.0325823604027367
,0.0339347037383647
,0.0418494532454181
,0.0415769929148128
,0.0235322408998842
,0.0325548198549035
,0.032529575154556
,0.0287563069709629
,0.0382391085093384
,0.0335653079262795
,0.0335452459471937
,0.038541090474228
,0.0295722284692682
,0.0279962969489974
,0.0268980509774704
,0.0308892429309209
,0.0242430379537984
,0.0251563408231325
,0.0368198954158889
,0.0265174607992743
,0.0318368486200943
,0.0321704985166153
,0.0419096673771608
,0.0304462343756227
,0.041628113937984
,0.0374881994731585
,0.0359358883628891
,0.0359263235021392
,0.0273461944793659
,0.0285621366849725
,0.0328374270445875
,0.0315731960445392
,0.033440239491037
,0.0191249370118261
,0.0286636305844241
,0.0346866098206737
,0.0386759880114365
,0.0333092890022079
,0.0324648203769116
,0.0352402092130101
,0.0330094836096498
,0.0256749689461542
,0.0233524305622275
,0.0293487175790588
,0.0282649108531622
,0.0445215843860707
,0.0310020350301478
,0.0281607545133472
,0.0187228380020601
,0.0228226170750304
,0.0218993196796288
,0.0243310874771344
,0.0328223177750023
,0.02845871182903
,0.0183988479598674
,0.0302660074115245
,0.0298518260313559
,0.0298333971112433
,0.0456086102523588
,0.0397515578393708
,0.0240823258298581
,0.0337195031294912
,0.0363325636478084
,0.0331189536339955
,0.0248795013264341
,0.0348565487893429
,0.0358485632859792
,0.0228725119155109
,0.0337105400042854
,0.0359131524824041
,0.0278215247303582
,0.0214141409854774
,0.0251507182396806
,0.0414590388318918
,0.0218091257126576
,0.0329818213699652
,0.0253175681345165
,0.0295179963357505
,0.0255762657248831
,0.0311977444764982
,0.0310428405018737
,0.0311244346317059
,0.0243153406427262
,0.0332319806311295
,0.0298612360713943
,0.0216924849035153
,0.027879518377519
,0.0328926683815226
,0.0190131798547368
,0.0150533905101059
,0.0140973289094339
,0.0200072806220839
,0.0220134303910859
,0.0181077757249013
,0.0205317377658727
,0.0168656893060854
,0.0199841793277322
,0.0258481964033378
,0.0285230796148322
,0.0194145980688434
,0.0190473119296041
,0.0280206434647497
,0.0233079937323383
,0.0243017472170951
,0.0248534714999583
,0.0225389639772894
,0.039666247637947
,0.023071893966062
,0.0264987465700461
,0.0157957507560918
,0.0262790133482616
,0.0318074343000507
,0.0305181857772323
,0.0362091083871326
,0.0220460179491476
,0.0189150996255443
,0.0302204806682042
,0.0273614230785002
,0.0217043230821291
,0.0267810755655521
,0.0151226492286123
,0.0287270335154145
,0.0195774485054911
,0.0251317632084111
,0.0243963843317891
,0.0259099103630945
,0.0254072456804748
,0.0252137852682307
,0.0204700415188303
,0.0249755072387857
,0.0164003830828791
,0.0175732528706483
,0.022114549644603
,0.0230893329309681
,0.0215303831899766
,0.0189622171854001
,0.0193539088717571
,0.0206744661744017
,0.025416372261104
,0.0183492727017235
,0.0252673412366338
,0.0215243678186974
,0.0239702644469652
,0.0247377917549767
,0.0260180683209336
,0.0192779202200146
,0.0272445691408075
,0.0188195249910708
,0.0149465370953845
,0.0162430490523312
,0.0249347962848708
,0.0179892454449546
,0.0155016373093795
,0.0237905149091797
,0.0247911194371927
,0.0154215641029167
,0.0183399835072049
,0.0252634316189911
,0.0278230965799159
,0.0206357639739835
,0.0241819821527168
,0.0322706818493954
,0.0195716977288555
,0.0176497989102344
,0.0223335623119973
,0.0195022880802812
,0.0167130376681455
,0.0170467617795511
,0.0217351855594477
,0.0246312295481301
,0.0176647445564486
,0.0174386115134623
,0.0224338131157199
,0.0160137708042705
,0.017010068354751
,0.0235577741678801
,0.0197925587605035
,0.0227951051987273
,0.0167397196802895
,0.0211116855550946
,0.0214051170542585
,0.0211891846837553
,0.0196049310760296
,0.0226166133240182
,0.0277930909421339
,0.0175511196073507
,0.0199541534401183
,0.0158979594544502
,0.0211478559406042
,0.0162579041848965
,0.0191063381105358
,0.0222160680943482
,0.0219851818778011
,0.0195347936092183
,0.0229115500770399
,0.0215115129497829
,0.0170623995966039
,0.0160515255771011
,0.0210620144153229
,0.016558538600333
,0.0223165853939405
,0.0244331027024981
,0.0193287613682317
,0.0177605835748228
,0.0224664532155939
,0.0161089976220439
,0.0169296897906402
,0.0218412307730612
,0.0181559811844257
,0.0203995398930551
,0.0194655805990814
,0.0121323531693284
,0.0211705229309104
,0.0278638862277934
,0.0245384207037163
,0.0197036911566627
,0.0188031178294322
,0.0176892370281691
,0.0148829955482399
,0.0172076482413573
,0.0150369841730515
,0.0137219076178939
,0.0256537175360907
,0.0196202660205482
,0.0214370483018573
,0.0120432472369402
,0.0143862156587162
,0.0176796520201244
,0.0143758581544939
,0.0215456785113905
,0.0228363588246961
,0.0163041268507739
,0.0192780143325578
,0.0208722470086946
,0.0133544175403572
,0.0170918949478858
,0.0178331993572007
,0.0139891057756493
,0.0222051260417298
,0.0121635454130859
,0.0156533292994839
,0.0202028820337895
,0.0134749826892598
,0.0278152173616932
,0.0159689088415644
,0.0141818537139604
,0.0163440242428866
,0.012710441694492
,0.0193684064046079
,0.0198563636042081
,0.0231486364072141
,0.021191044650493
,0.0125840162496951
,0.021754100912405
,0.0162691447140317
,0.0151232458421104
,0.0178676695476466
,0.0197119634348801
,0.0212159440572961
,0.0159265250127854
,0.0220310057528005
,0.0142279528029162
,0.0127751598611479
,0.0177832794673612
,0.0161964990572005
,0.0190109633049546
,0.0209112372830601
,0.015695920568385
,0.0146797609011944
,0.0170683789304431
,0.0121198947201181
,0.0136444323676579
,0.0207704976701387
,0.0176299449616338
,0.0146767014538833
,0.0142423442823431
,0.0128095980609249
,0.0157782265196393
,0.0180074739161429
,0.016687737998606
,0.0145878318118402
,0.0133096041738978
,0.0134815249895191
,0.0282408415704704
,0.0164685311587985
,0.0134333405253281
,0.0223184900144889
,0.018890880928896
,0.0149588395642054
,0.0147232475468866
,0.0146098265303099
,0.0110843267781114
,0.0232860075613351
,0.0160468728943006
,0.0179898164727829
,0.01285088093675
,0.0176774342588301
,0.0124550693758975
,0.0165929718369437
,0.0165153752554274
,0.016898522648911
,0.0107788209852232
,0.0156442614757551
,0.0140348475573638
,0.012707464511416
,0.0152846677399164
,0.0122046195159013
,0.0135505454266321
,0.00992950242771428
,0.0142957801377825
,0.0147646641221431
,0.0142087442812586
,0.0164651701848187
,0.0143556645325427
,0.0133593331091063
,0.0180879883163437
,0.0101080179166437
,0.0173180146531863
,0.0170041641034535
,0.00973883867041842
,0.0216277853959815
,0.0109316131161886
,0.0142421806438446
,0.0133227311697564
,0.0121293964010563
,0.0146613807862724
,0.017134016504826
,0.0140591384975302
,0.01307321183568
,0.0119567652768303
,0.0130064591000434
,0.00895658098018931
,0.0162802348652564
,0.019402452523815
,0.0178861008592147
,0.012605606903704
,0.0123559394468777
,0.0141049354075911
,0.0132054320694435
,0.0135051485610954
,0.0132708120548009
,0.0114278431716294
,0.0126211338428015
,0.0165636199595458
,0.0113950064318526
,0.0167797172961579
,0.0195494045943086
,0.0120018758618605
,0.0127388627748538
,0.0119781317142065
,0.0207505847603879
,0.00872373064637765
,0.0127521576303398
,0.0143502780482081
,0.0117232633467267
,0.0121521092156381
,0.0118775452821629
,0.0128302836820163
,0.0128016138038046
,0.0123628141812524
,0.0172253757890196
,0.0148887400717323
,0.0133942460881985
,0.0197844079759392
,0.0136055169500876
,0.0137081292478054
,0.012507825405732
,0.00851780456606511
,0.016248842405273
,0.0123894735323271
,0.0133677859573266
,0.0124563257859605
,0.00957956998548218
,0.0191528377744939
,0.0085410380895539
,0.0101977559010395
,0.0127184401891629
,0.0102110325362361
,0.0160674055616531
,0.0161006956749549
,0.0102298246449468
,0.016644796208229
,0.00888242544966404
,0.0110203172314395
,0.0110425553712113
,0.0137388444234686
,0.0124818026139859
,0.012343367639277
,0.0153438320134512
,0.0156491737067868
,0.016668598881105
,0.0154816617638122
,0.011601647463422
,0.0133894671157092
,0.0136698729729735
,0.014391991070375
,0.0114451639880984
,0.0131324300476029
,0.0124972642887709
,0.016000388299204
,0.0129425298929893
,0.01280362475658
,0.0132129941148584
,0.0126727737221403
,0.0079351847224432
,0.0146836851960825
,0.0113376171444967
,0.01276386630057
,0.0106121602777282
,0.0159861153788434
,0.0132554842954932
,0.0104728675495939
,0.0109460676448039
,0.0126907532200214
,0.014985232428899
,0.0102760131566427
,0.012613920006557
,0.0121028650944531
,0.012177665004809
,0.0112217896289319
,0.0150212710559014
,0.014608877640483
,0.0104663236474654
,0.0093561587298637
,0.0109109604776528
,0.0110800676822839
,0.0120608500384828
,0.00709553441661359
,0.0142821410755605
,0.0108131493659786
,0.0147873927035586
,0.0140979168745366
,0.00819218855502426
,0.0145811484584839
,0.0166699914153398
,0.011827769265897
,0.0114935433453775
,0.00800968059391785
,0.0154092859695709
,0.00590060706155003
,0.00943780650591105
,0.0103974339716593
,0.00916132211275657
,0.0123758294631305
,0.00927977103260404
,0.0117249554708265
,0.00885887976145033
,0.00876842684941857
,0.0103236766386438
,0.0103139927568986
,0.0121387786312551
,0.0105811503548415
,0.0177103406428286
,0.00914315920904109
,0.0103113458789374
,0.0105287951574216
,0.0102569592021961
,0.01291540408529
,0.0074763183167823
,0.00935108738640247
,0.0128335023015582
,0.0101856271991324
,0.00898513615685095
,0.0142367941761208
,0.0103594532552941
,0.00760242019940006
,0.00793645055817967
,0.00680856736265494
,0.0103627592426657
,0.00918489337998131
,0.00755158176320139
,0.00831926956711325
,0.0154830464200149
,0.00991476752707307
,0.00967022233801225
,0.0104926350184512
,0.0115724310072868
,0.0133411470016903
,0.00865713387884483
,0.0091204881085913
,0.011091341504419
,0.00912908028882069
,0.0110448524424983
,0.00736111064825761
,0.0110603608894727
,0.0148685402187502
,0.00776235389381036
,0.013326951745825
,0.00936430545478584
,0.0106309459039983
,0.0120652054777228
,0.0112087364402553
,0.00977326593096906
,0.0112666095851175
,0.00670637325695435
,0.00852905062700314
,0.0161854466844649
,0.00824643799505499
,0.00726637533390506
,0.0145853540688084
,0.0154220060951293
,0.00966421164541439
,0.00843379524079874
,0.0125005123636047
,0.0104170745641128
,0.00953831544934827
,0.00602250613220304
,0.00924598193215832
,0.00578663402085702
,0.0100781312701858
,0.00867053275549584
,0.0122746879568094
,0.0158327750509927
,0.00862235648150957
,0.0094495241326472
,0.0086098206987629
,0.00689315584523078
,0.00759931180379651
,0.00554756961242542
,0.00840655148798004
,0.00946166537105541
,0.0116731553503069
,0.00764846652474217
,0.01124432518216
,0.00759924655459859
,0.00605349710013127
,0.00812509140252059
,0.0088265541594047
,0.00706348085339787
,0.00959265227194609
,0.00822954622499339
,0.00877719251523218
,0.0100284769543261
,0.00922913712734124
,0.00767840972591485
,0.0119631368631911
,0.00907538720683687
,0.00721352184511884
,0.00997151676760278
,0.00718893617616269
,0.0103774132033506
,0.00917002597399263
,0.0107517031222193
,0.00926848667846284
,0.0144347050828008
,0.0129012538117313
,0.0112433719283112
,0.00910461788375427
,0.0118421471533693
,0.00576632424934589
,0.00887901504671816
,0.00647232895848854
,0.00874311719073685
,0.011069929585875
,0.0108516563085064
,0.00812163380192065
,0.00631886729371162
,0.00995804834626814
,0.0100911351128782
,0.00614061154907456
,0.0132720209534179
,0.0112384559624121
,0.0115455399282226
,0.00846030633656954
,0.0109367655245455
,0.0152241785989419
,0.0111038708358016
,0.00707799247076589
,0.00899258752642826
,0.00657213248738264
,0.00718032073545238
,0.0120784926879098
,0.00655366220705869
,0.00861215798401815
,0.0101953645385578
,0.00678115922236838
,0.00771877537032069
,0.00874126738742134
,0.00958368707827291
,0.00813086956168986
,0.00854016620545692
,0.00875122904817114
,0.0096251443431225
,0.00825718953664291
,0.0104665856471482
,0.00651104692552057
,0.00604784988803453
,0.00789536695240669
,0.00587523421903875
,0.00470615740038084
,0.00771297112737815
,0.00548942864886144
,0.00694390893094143
,0.00788855906508808
,0.00876072120430214
,0.00935730186510978
,0.00711681367040054
,0.00822881809065057
,0.00674104987618768
,0.0115692857934958
,0.00714469661580265
,0.00935814376337558
,0.00977605240550643
,0.009965304608297
,0.00820163681184737
,0.00737440045701168
,0.00642972468979155
,0.00648203372752396
,0.00618991277649567
,0.00880798359671983
,0.00795061450978403
,0.00982161796371121
,0.00770744501593638
,0.00747067621431394
,0.00804725718891401
,0.00888503706006726
,0.00670973851122766
,0.00921070648367289
,0.00788651658069264
,0.00655594875789571
,0.0134089535061084
,0.00552195165317701
,0.00707166008170894
,0.00699831854593195
,0.00563430983067766
,0.0083109307882486
,0.00773585257008348
,0.0099375812803032
,0.0108409804331464
,0.00909065598177923
,0.00800560865000068
,0.0085727948508609
,0.0111405977892025
,0.00624235452017398
,0.00613698753429506
,0.00662468491456625
,0.00701332770505768
,0.00724499214191866
,0.00551392081737249
,0.0102486314320653
,0.00882474284687706
,0.00480890465816974
,0.0074917749801865
,0.00666996124152375
,0.0078434114541515
,0.00845099445677973
,0.00931066353414937
,0.00769115756480205
,0.0180364179845769
,0.00543042557179167
,0.0107646161920894
,0.00878429845546654
,0.00755561599466117
,0.00855477883532605
,0.0109682686143732
,0.00529648421812189
,0.00579163655108492
,0.00834684771020407
,0.010799114077655
,0.00510151633292732
,0.00680497990293864
,0.00563247490654045
,0.00781089027303207
,0.00702367291946054
,0.00744446048008079
,0.0139261743779999
,0.0062210719457465
,0.0094302787387859
,0.00600529208272951
,0.00708419680909077
,0.00504745865165058
,0.0066758232307649
,0.00576860766897957
,0.00630259100391563
,0.00650862496900808
,0.00831095705062628
,0.00906195486437069
,0.00613955953769192
,0.00564765136792599
,0.00594899823261227
,0.00550635966374444
,0.00595896994181705
,0.00885822574516152
,0.0130177136291886
,0.00561649742387121
,0.00786872340466988
,0.00536569870965023
,0.0070615706028178
,0.00479060301147644
,0.00557842013961875
,0.00576959211205019
,0.00877162296016525
,0.00531379009804614
,0.00659241605054975
,0.00959251234022606
,0.00734430702842099
,0.00836125547023322
,0.0154273008846199
,0.00514907081384221
,0.0174152859437617
,0.00617786013329353
,0.00847289734522038
,0.00565976782544491
,0.00599039015239326
,0.00594893554452546
,0.00833199160962284
,0.00575279069967101
,0.00615054876861671
,0.00712585934326169
,0.00599253701393888
,0.00610683636059915
,0.0127330035280343
,0.00642841678494343
,0.00553974844749932
,0.00584513965776525
,0.00599402814922363
,0.00589970457721929
,0.00530099341405514
,0.00385318579916956
,0.00741552259828575
,0.00581827365847545
,0.00743755640814245
,0.00632970106924359
,0.00625959280848964
,0.00834753839927975
,0.00573996213542611
,0.00724822511648699
,0.00624702189161947
,0.00554497419338985
,0.00665486790557743
,0.0084968572303513
,0.00476394182831254
,0.00535159554448271
,0.00744414807866416
,0.00652607370035193
,0.00487167578369745
,0.00626964231755664
,0.0061411598251767
,0.00352196320072042
,0.0067188223012244
,0.00543065161800709
,0.00727125500474518
,0.00533936448205672
,0.00526499799889321
,0.00408921533308522
,0.00603482069457417
,0.00578963208041126
,0.00570027755784813
,0.00593709302578101
,0.00834582919321269
,0.00356506475294668
,0.00567379529871255
,0.0057768710423274
,0.00759344982611107
,0.00488322166510115
,0.00448904455513299
,0.00418360738187686
,0.00586881432612102
,0.00691548306281412
,0.00682356306955928
,0.00560388830942286
,0.0108310328957351
,0.00619659205886204
,0.00913204408434018
,0.00940305872171072
,0.00589236870908381
,0.00557652994431263
,0.00563072758279395
,0.00400739671987386
,0.00534148182990252
,0.00959339748691568
,0.00802549396744282
,0.00455261616142553
,0.00570389389827194
,0.0100757225625165
,0.00345703008279659
,0.00865552258310676
,0.00547850274962795
,0.00622666257986653
,0.00747675131471155
,0.00603393943980297
,0.00463468644712683
,0.00520277682057739
,0.00517625681799609
,0.00427447910155518
,0.00444697906632489
,0.00471465057952586
,0.0070039003274795
,0.00412241081555316
,0.00534545252584689
,0.00512511247520389
,0.00687349437344601
,0.00386248278624449
,0.00485212318911244
,0.00407215542936721
,0.00598668636950762
,0.00438919086740985
,0.00704054508782766
,0.00536528387457514
,0.00494639847881511
,0.00541943464272925
,0.00470094987417959
,0.00650089263920998
,0.00814598841073048
,0.00556531024500696
,0.00377003775206399
,0.00402584089596352
,0.00462374008441405
,0.00478676463731369
,0.00237799692616576
,0.0108773408715482
,0.00432703293030451
,0.00605217280705164
,0.00364869545043388
,0.00701676171511795
,0.00968808584800643
,0.00760603664953512
,0.003681916899823
,0.00552730229528206
,0.00507492358127341
,0.00474133676329423
,0.00747232051632797
,0.00406715629910098
,0.00537682279444698
,0.00470634249427677
,0.00489656462758066
,0.00390851345499239
,0.00516898976819717
,0.00478863887421907
,0.00397858107039303
,0.00348026974328981
,0.00668413977828335
,0.0043322197161192
,0.0045624624967114
,0.00325866106753272
,0.00531835885652233
,0.00537406821501936
,0.00501876399120885
,0.00571473144071471
,0.0031565640512364
,0.00416160180116415
,0.00315988663477372
,0.00543743728403933
,0.00382985481476601
,0.00482371526594942
,0.00417535893123549
,0.00488667011467281
,0.00579418810819215
,0.00962366158583622
,0.00535734186631794
,0.00409819821932183
,0.00334509268816209
,0.00416302796277774
,0.00278036347789746
,0.00417770147299602
,0.00422030084118748
,0.00728214166183073
,0.00428668536873137
,0.00753357318022852
,0.00370201836910367
,0.00548029461025447
,0.00395108682816116
,0.00415430677864062
,0.0100015651173477
,0.0044444287402206
,0.00376242769215256
,0.00544861288134949
,0.00457028379983765
,0.00354232193381552
,0.00539194401944117
,0.00450064969285524
,0.0044486943937376
,0.00599412882090049
,0.00482149009952039
,0.00381142863272971
,0.00527617167942057
,0.0145569023914187
,0.00528824457003419
,0.00597934396091712
,0.00479097289736258
,0.00426928254310278
,0.0100779403256678
,0.00767357122973882
,0.00411847309809905
,0.00398865383113767
,0.00465891441279369
,0.00476683343835536
,0.00412441676874775
,0.00488635063906401
,0.00408334620879706
,0.00655552099073135
,0.00473814708011728
,0.00543087943803842
,0.00479363026242423
,0.00536670714219654
,0.00421756941706457
,0.00580811668484074
,0.00474927886073686
,0.0051815506987017
,0.00338673642497909
,0.003971703423345
,0.00325704768377346
,0.00532189407965884
,0.00420938090301411
,0.00653797236956473
,0.00510560527387642
,0.00587642077183874
,0.00343330118505036
,0.00362165375293381
,0.00469345693748207
,0.00416151613946327
,0.00450170205625731
,0.00432521802149269
,0.00398897221751699
,0.00775024304794431
,0.00379200817405103
,0.00369166920533038
,0.0053088255421678
,0.00646341935254978
,0.00495307014816055
,0.00274993336274987
,0.00295014733872234
,0.00438512528604708
,0.00521641538183664
,0.0042729150794265
,0.00383397338110352
,0.00314936938191999
,0.00447345643837545
,0.00368064709491411
,0.00592727805336384
,0.00291398153518283
,0.00409363870040126
,0.00473697497098631
,0.00399658571604966
,0.00316055326804323
,0.0026306740037936
,0.00235591270148273
,0.00489074359812938
,0.00424681701791472
,0.00524675823128303
,0.00433895990072142
,0.00452104589527197
,0.00420731368803315
,0.00313928792884907
,0.0035111054951646
,0.00403242989862753
,0.00367327233900531
,0.00390776949158252
,0.00476078723742707
,0.00426136999205328
,0.00309931508990112
,0.00383909301430374
,0.00351386015758866
,0.00292332278139764
,0.00433518282421908
,0.00336865955584425
,0.00312833487455108
,0.00390826747208395
,0.00535669131677152
,0.00415629108926255
,0.00472062389087693
,0.00373116840816451
,0.00742741604596691
,0.00351885350872649
,0.00380913797912998
,0.00259554748239145
,0.0045701903111916
,0.00448703684939179
,0.00297082970648267
,0.00322535098763534
,0.00361584106451534
,0.0043836710200259
,0.00290802829569312
,0.00361249340230981
,0.0037847092786541
,0.00482167088660743
,0.00346675043315607
,0.00321052996047467
,0.00299542266455853
,0.00385830034910703
,0.0106384312188645
,0.00288428647012113
,0.00332933737904424
,0.00255518538755713
,0.0039369682653421
,0.00321848644100908
,0.00976592404036004
,0.00281701112290295
,0.00312042459576068
,0.00412788667409277
,0.00317860544087388
,0.00467974320082486
,0.00364046556837629
,0.00430724163580572
,0.0038629935898996
,0.00243762823701995
,0.00341111616657143
,0.00564706328818301
,0.0027654359034718
,0.00318365541330735
,0.00248669871967708
,0.00270495857757235
,0.00367823016022298
,0.00425277022466599
,0.00347362093023854
,0.00465901944371173
,0.00239100219694279
,0.00434494250542258
,0.00340373507815466
,0.00284160088969978
,0.0080780812699912
,0.00358354012339707
,0.00333409017808091
,0.00335934795707561
,0.00289543755087325
,0.00314458941920538
,0.00437568710183292
,0.00264978098032036
,0.00330470266497388
,0.00327445674002642
,0.00398286605775045
,0.00250845937365977
,0.00329333786421911
,0.00367529178025236
,0.00296656220222946
,0.00372216651304459
,0.00317695271790822
,0.00220609215536806
,0.00218625783304653
,0.00379580381777822
,0.00275968831435252
,0.00317807652264989
,0.00321169995554321
,0.00361387188625069
,0.00931253789162855
,0.00419939429448585
,0.00317214865266993
,0.00413166855072128
,0.00274189885828922
,0.00298526135162277
,0.00419310331907128
,0.00346176615074795
,0.00307474226722608
,0.00289124150341296
,0.00579263590865643
,0.0111198403645798
,0.00371307826606686
,0.00382148635733464
,0.00269839131902678
,0.00466090712429268
,0.00312150714522808
,0.00315728453344683
,0.0031954047485918
,0.00327229846303485
,0.00410268199072455
,0.00362648338979433
,0.00274701619664177
,0.00200739779853177
,0.00245289582283199
,0.00295966318228878
,0.00206978068295996
,0.0046166330327869
,0.00205011525717738
,0.00315522128300395
,0.00268877197721136
,0.00262873761959332
,0.00358769823166326
,0.0023276700950392
,0.00610397383063574
,0.00486901218000404
,0.00209519910273654
,0.00273159687727053
,0.0028224271250672
,0.00265682850068245
,0.00253257920844234
,0.0112603970423718
,0.00320860356414339
,0.00385864202654563
,0.00228718836301775
,0.00355084118121581
,0.00228823582489847
,0.0036300888868045
,0.0026075956009383
,0.00252366227640896
,0.00356082273234493
,0.00267547395923694
,0.00389712573558344
,0.00339702245258787
,0.00298849627837274
,0.00298512687398123
,0.00233721358673429
,0.00327745753549681
,0.00242642867716879
,0.00207765596277022
,0.003790640761399
,0.00220272328505971
,0.00299611460088485
,0.00236545414993219
,0.0031561651277864
,0.00173689605395836
,0.00252280718846793
,0.00289385966467041
,0.00266701115991983
,0.00225194215020047
,0.00281043411784233
,0.00339495667899648
,0.00228958394194941
,0.0131656477630614
,0.00256795946365824
,0.00436342921676952
,0.00171185168645185
,0.00837217290851538
,0.00268620861781536
,0.00203820422873757
,0.00242898542224518
,0.00326340259075866
,0.00273493187350942
,0.0056940938503515
,0.00326411617298078
,0.00222461626974087
,0.00294745537821302
,0.00180099561697455
,0.00257856549868093
,0.00263034278660904
,0.00294578011140457
,0.00764639490687362
,0.00264040651202867
,0.00246093995305064
,0.00172833596327148
,0.00241833177867865
,0.00574393785519346
,0.00266236937050418
,0.00237980521469039
,0.00182396056860943
,0.00235846062792168
,0.00215576141237253
,0.00203285959570663
,0.00234119228494247
,0.00230032347603853
,0.00294547248429395
,0.00249099012696224
,0.00645415026465667
,0.00270017451066853
,0.0029201625523635
,0.00303956927182453
,0.00299991684583741
,0.00249463796519687
,0.00258780085496309
,0.00213903082080685
,0.00227727579103974
,0.00245851084345067
,0.00273667936105806
,0.00998143658438955
,0.00323935311294547
,0.00251565409892124
,0.00286687985757286
,0.0025685671794313
,0.00181553509767107
,0.00229868057844197
,0.00448484159183138
,0.00226715255443536
,0.0028032645218217
,0.00303172341990915
,0.00213955303009636
,0.00214718754251708
,0.00962795445669954
,0.00178932916744576
,0.00176448754260526
,0.00191217401749759
,0.00206353166332326
,0.00134821773325851
,0.00179895037296254
,0.00162783455195878
,0.00176487779437787
,0.00330646656952873
,0.00271950883387041
,0.00368179006168951
,0.00230085529307303
,0.00205928281420187
,0.00187429990759964
,0.00271498615356481
,0.00347865285600764
,0.00260190584236065
,0.00178083084482609
,0.00252163770592601
,0.00313713169825164
,0.0018274475741123
,0.00215186936966932
,0.00257545663096118
,0.00210250025355144
,0.00158126320020104
,0.00231094415121161
,0.00136783075620919
,0.00222272965210797
,0.00190244676365462
,0.00191340389006471
,0.00430909525632642
,0.00178733289407802
,0.00438299131337893
,0.00248017630450877
,0.00138674391615762
,0.00196345496098121
,0.00195525799214668
,0.00181576769168709
,0.0018521203586511
,0.00231200518666599
,0.00195221616245162
,0.00239154089489064
,0.00246129409250715
,0.00297235244860115
,0.0017349692572275
,0.00164997780911934
,0.0020499711494546
,0.00223573147985484
,0.00175089096031709
,0.00216454044396644
,0.00206160734622982
,0.00219772167780882
,0.00210238019954463
,0.00175552489818325
,0.0012908336950488
,0.00242249408275709
,0.00216554647553131
,0.00224764389594806
,0.00526682781198445
,0.00192471068327089
,0.00214762182026854
,0.00127965918709286
,0.00158272864152112
,0.00193864207436667
,0.00196032789340526
,0.00247239070911362
,0.00354023700096686
,0.00205235626607538
,0.00153870743409895
,0.00219340085169423
,0.00313536961261912
,0.00230292390291658
,0.00424456431912189
,0.0101836563650262
,0.00138508174249259
,0.00167158515372371
,0.00253854692259034
,0.00184335368302851
,0.00132265970726753
,0.00195125406968328
,0.00200423543207263
,0.00143824153882441
,0.0039733516345663
,0.00204776040346686
,0.00282905864105707
,0.00105143221425025
,0.00156919710005838
,0.00166568899684605
,0.00131004929812933
,0.00197870279601147
,0.00289653733815897
,0.0021549244590797
,0.00185223288177738
,0.00160931467663139
,0.00274468900375035
,0.00168581592103572
,0.00257364866781315
,0.00171941888317159
,0.00164650945964614
,0.00160373390016719
,0.00172822146339644
,0.00223311881767863
,0.00333238105497845
,0.00214037761037345
,0.00152231117847539
,0.00184599779875213
,0.0018551140370053
,0.00837824079053577
,0.00375670506300025
,0.00179940566791206
,0.00201071091791408
,0.00174183995183384
,0.00199810537427217
,0.00179047045538334
,0.00151439245514952
,0.00185904704014255
,0.00219967620402129
,0.00160170042086631
,0.00189382606243937
,0.00176661988484405
,0.00210887273749811
,0.00155514096020367
,0.00215937057813592
,0.00225781854100577
,0.00173869533984483
,0.00176497709765452
,0.00419731197447195
,0.00149346426845352
,0.00197277499652671
,0.00168758309447054
,0.00173755485564486
,0.00997664097652805
,0.0020996639391085
,0.00191756194714923
,0.00787200904441937
,0.00179507456726302
,0.00136914703805694
,0.00180579706351879
,0.00210406760995479
,0.00179461638592816
,0.00207651348667585
,0.00219391415409249
,0.00302073804391907
,0.00261931019770011
,0.00185296595973396
,0.00199128562199617
,0.0012648704834978
,0.00190516088558113
,0.00140476834380211
,0.00185255506824534
,0.00193186348206479
,0.00126386442476126
,0.00144478107959581
,0.00168005805389278
,0.00187227658219561
,0.00150231473137053
,0.0014428914662859
,0.00299972241095477
,0.00161630222244688
,0.00143962486217533
,0.00156869643126155
,0.00161975533669262
,0.00128669393357166
,0.00162409229524982
,0.00113748918239354
,0.00164886576652448
,0.0013021481247981
,0.000934508402365372
,0.00309491872082788
,0.00244464783049023
,0.00140576977767178
,0.00142811900869927
,0.00147214221265859
,0.00103929646979072
,0.00164913639484677
,0.00170646261541985
,0.00117666295944659
,0.00155699581896615
,0.00145629729440471
,0.00104955157528852
,0.00308413276178842
,0.00152618537631549
,0.00113771598030935
,0.0016975393002006
,0.00121929703573834
,0.00169345361385499
,0.00144204357822271
,0.00162825592666434
,0.00167811511734516
,0.00255211226896998
,0.00185628094741497
,0.00100869220968244
,0.00627151744175237
,0.00084868873235053
,0.0011208294568832
,0.00124239748246965
,0.00138644025426183
,0.00113745047643206
,0.00164605183488582
,0.0012800440994885
,0.00137734315157464
,0.0016655056096688
,0.00148534433976117
,0.00172389989640845
,0.00136774613120619
,0.00113045792344511
,0.00109796733902291
,0.00145863213698953
,0.00353456806653277
,0.00184648375988285
,0.00154146720919991
,0.00144639377192411
,0.00140996961827221
,0.00130206991074628
,0.00204001275716298
,0.0017328553578797
,0.00138924933325673
,0.000957462966312015
,0.00136268045677455
,0.00150854442514527
,0.00128029144838912
,0.00110094613804855
,0.00121432756035881
,0.00117080210868714
,0.00136779805646852
,0.0015913701931537
,0.00105280212709455
,0.00199455733961264
,0.00183238923830828
,0.0011203240373166
,0.00106089832993564
,0.00135813416416048
,0.00131775408682997
,0.00121862218846776
,0.00148737018910879
,0.00151185194071415
,0.000954583515365509
,0.00163878335144338
,0.00157592530457801
,0.00122775736503247
,0.00162017689309189
,0.00118158686345885
,0.00133624579126048
,0.00130186955218516
,0.000982359428455329
,0.00129323589526971
,0.00123492399052206
,0.00105700629232767
,0.00123319126888569
,0.00733656341186861
,0.000987062808251394
,0.00155323768708626
,0.00151530374256628
,0.00165461678736051
,0.00137870442286769
,0.00302760487906447
,0.00108318771486049
,0.0014372127205989
,0.000568627731853945
,0.00144961814702748
,0.00226972513240799
,0.0023053041194736
,0.00161991178543667
,0.00098739033623299
,0.00116011396411713
,0.00128964473907584
,0.00122033659029454
,0.00128605839619435
,0.00156612143778561
,0.00125445503676118
,0.000801758217146369
,0.00059162504946354
,0.00137466029934465
,0.00795499182640596
,0.00157213498123092
,0.0013747585259042
,0.00276280747576313
,0.00782414058795013
,0.00155694508429167
,0.0013363332301322
,0.00109860591009417
,0.00158136554868193
,0.000785688649291699
,0.00102131506886904
,0.00105775852574081
,0.000870360847760307
,0.000997506328512584
,0.00196361033288644
,0.00159468854804795
,0.000938330771505118
,0.00102293664234145
,0.0013405415237481
,0.000948876310690197
,0.00147142982208253
,0.00135683190593697
,0.00124637814205237
,0.00124867277994104
,0.00133419370660052
,0.000971861879270246
,0.000835030897532085
,0.00133669990434821
,0.00103278465337683
,0.00112750747326004
,0.00147890926030528
,0.00101308140710303
,0.00161959433289395
,0.00163104546681485
,0.000905606557102365
,0.00118417815903931
,0.00165590893917292
,0.00147391019157957
,0.00250621199234195
,0.00114967132621642
,0.000960045932168182
,0.00134571728821653
,0.00117919304363206
,0.00136589891399603
,0.0019849223191659
,0.00574140742696622
,0.00218637295023584
,0.000959159871939773
,0.00113851173588832
,0.00110179299765214
,0.00147694690024479
,0.00113996036720853
,0.000924442876828707
,0.0010537690020975
,0.000834034849259301
,0.00114460277377154
,0.000904883671076919
,0.00101044555694341
,0.00136365200173086
,0.00131525050858332
,0.0014684052669666
,0.000855598548500789
,0.00247771902530615
,0.000927833748958873
,0.000917785049312343
,0.00127395008518059
,0.00234608552676362
,0.00114392248432608
,0.00133676959736402
,0.000993896885310326
,0.00139735483487619
,0.000816607194587192
,0.00100577806045248
,0.00105828700903178
,0.00350408208536623
,0.0012909118031439
,0.00150003947019364
,0.00133005688971638
,0.00135915110616294
,0.00106710809758287
,0.000829635804248923
,0.0011695721862774
,0.00113157894702895
,0.0011980710430062
,0.000892765861132401
,0.00412775345245457
,0.000712910442628416
,0.00609919278640734
,0.00398210570384331
,0.000943700314872216
,0.000674842198641007
,0.000955770403301598
,0.00102102642287731
,0.000954308377151659
,0.00180752526117457
,0.000975725590733483
,0.00114553557656103
,0.00128342916438295
,0.00126674904762678
,0.000663030976011437
,0.00142828375763449
,0.00121836344068228
,0.000647241430915696
,0.00444768819283358
,0.000916775184936417
,0.00114441637508363
,0.00121012903115337
,0.00635464504050261
,0.000886656197278055
,0.000880959095972606
,0.000849806282705756
,0.00103891279365302
,0.00154011260054422
,0.00125103568443425
,0.00109590653850129
,0.00094079144576632
,0.00140703228013058
,0.00107860695944191
,0.00137811326117638
,0.00116267937689988
,0.00128229530467567
,0.0012002192207423
,0.00108236467655708
,0.0010831091680338
,0.000862616362745602
,0.00239156450853198
,0.00116986895826139
,0.00107058350197469
,0.001174584906031
,0.000972895209141413
,0.000994508560543956
,0.00104920001632406
,0.00104621745479603
,0.000601461358086014
,0.00106997089584748
,0.00110825609880038
,0.000953356913617136
,0.000816153952002239
,0.000903215154780929
,0.0016095305356348
,0.00101213352942115
,0.00136240015103935
,0.000654596669791654
,0.00113107968890243
,0.00125861859433296
,0.000718247494724894
,0.000952578100178206
,0.000891198311774357
,0.00106866246088413
,0.00142764755750773
,0.000745519540280145
,0.00118621874990872
,0.000839634190231558
,0.00183020629616592
,0.000731577503088954
,0.00101101116683042
,0.00146795078418326
,0.00129528315439811
,0.000979300336499372
,0.000819574168315588
,0.000784227641591275
,0.00150057755646772
,0.00106557154796726
,0.00132497195454521
,0.00114473562585235
,0.0014555628855963
,0.000839135504662378
,0.000893688801091246
,0.000921634314853713
,0.00293550435467225
,0.00132022335458902
,0.00126529183492368
,0.00103026961414022
,0.00547806677108119
,0.0017371387525867
,0.000735910083077623
,0.001119695698599
,0.00183004012443617
,0.000873381278886057
,0.00152772085412018
,0.000564588312387475
,0.00368076636680467
,0.00114989493186397
,0.000803028538247141
,0.000795201194077421
,0.0010794518259809
,0.00104018345760433
,0.00145099135644622
,0.00106862650247449
,0.000802587805642917
,0.00123389020701213
,0.00133735728758371
,0.00108724741006052
,0.00117134710018328
,0.000961311338291246
,0.000766047321698081
,0.00237355462045065
,0.00102950683618027
,0.000809662088060446
,0.00109785124565343
,0.00139729107367967
,0.000702099271041178
,0.00123567055133659
,0.000779396580654773
,0.00100650481008677
,0.00392173905778973
,0.000659470353745134
,0.00330284988553399
,0.00107478521315612
,0.00147715117106749
,0.000717512885700897
,0.00111615562439565
,0.00103398267074063
,0.000612323013590536
,0.00129179141466484
,0.000577875565702024
,0.00133237991290001
,0.00106532430461217
,0.00104068532819841
,0.000927871387249782
,0.000609757446588273
,0.001156043975726
,0.00110727815883021
,0.00357546026600347
,0.000769760401181581
,0.00136027848247472
,0.000900301211091005
,0.00112943597165296
,0.00106855864900413
,0.00100690136281589
,0.000912064375373845
,0.0028013788186879
,0.000920253394454338
,0.0013859335864801
,0.00098698469953991
,0.000759716027833269
,0.00210036783681941
,0.00135423462471241
,0.00133353075945112
,0.00107036511547077
,0.00152818772117754
,0.00149592767750221
,0.000919247073030083
,0.00102050371062759
,0.000763487694801196
,0.000808054688074521
,0.00120205021271498
,0.00305067610777786
,0.00146265474065491
,0.00113108848920116
,0.00146136951419326
,0.00151201669519168
,0.000670525940721698
,0.000829528313002379
,0.00114613474120963
,0.00128784489317141
,0.00121020969804264
,0.00159278913381965
,0.000759833328897315
,0.00123905017687582
,0.000656224220632935
,0.00309217072896184
,0.00385352789395856
,0.000666355204223808
,0.00112507567698445
,0.000818608165344855
,0.00109504306665371
,0.00111846976498651
,0.00096697455890562
,0.00117884439364984
,0.00182682620788861
,0.000723351360741165
,0.00116669183800404
,0.00101041460991491
,0.000868341565192031
,0.000769151823038772
,0.00130231478816486
,0.000989450437491597
,0.00114139517988541
,0.00090920794252755
,0.00124851131130865
,0.00110944218665492
,0.0011863885798943
,0.00104396330177903
,0.00114570868338455
,0.00108443369065633
,0.00139178932151823
,0.000930482442841378
,0.00105801064881564
,0.000859032069995517
,0.0014457255818862
,0.000992410866694831
,0.00066060841147646
,0.00280805384287621
,0.000789522893094028
,0.0045241231264174
,0.000934715896146163
,0.00158382926925259
,0.000993313382695653
,0.00301879461436537
,0.00108245203488267
,0.000762451936307145
,0.00102705503804413
,0.00100018353957484
,0.00116446369754571
,0.001276757350366
,0.000737538568853084
,0.000758214558586037
,0.0012822862306897
,0.000993577657120515
,0.0020578957517639
,0.00104324011573248
,0.000740056660136297
,0.00106129594926872
,0.000784651325138215
,0.00107066670371459
,0.00101805107159454
,0.00114373541438202
,0.00202415652514635
,0.00151762167331289
,0.000656490072234642
,0.00291817015527258
,0.000925915137215456
,0.00282612680724739
,0.000977331102328251
,0.00448134960347688
,0.00264442855932931
,0.000946363379309926
,0.00123183117457876
,0.00106632426357928
,0.0014349062118943
,0.00105551465913426
,0.00102554982276996
,0.00138265411934523
,0.000905486485048636
,0.00255862785354253
,0.00114574953953262
,0.00146201960793913
,0.00105988040115698
,0.00167603081122175
,0.00119562180422877
,0.0012305214471873
,0.00129588747376914
,0.000858545955902587
,0.000880990433383046
,0.00393185188747471
,0.00105434463663069
,0.00102898173764281
,0.00163722793197867
,0.00578651194056085
,0.001091295129028
,0.00108900056164853
,0.00897804616902449
,0.000922868332831211
,0.00156550717764208
,0.000849382924327696
,0.00077332983838511
,0.000684218645077879
,0.00121505010200701
,0.00167314957342956
,0.000785773169409654
,0.00110468228528274
,0.0014860117411728
,0.00132703865818528
,0.00357042616991275
,0.000696180737924017
,0.000938777989362708
,0.00204258315349379
,0.0010474204525178
,0.00953852151542212
,0.00130535140568754
,0.00145727599269675
,0.0012706816271924
,0.00113417325956144
,0.00157042604576846
,0.00644304611694569
,0.000974809093390501
,0.00190929400201863
,0.00168549632822512
,0.000812060801176452
,0.00140346428093756
,0.00139261544904586
,0.00251261262511092
,0.00139553796901784
,0.00234197326061281
,0.00192934925766676
,0.00136105023676976
,0.00181468299486367
,0.00204623832018338
,0.0019894037202679
,0.00521690082126385
,0.00235495125607474
,0.00161170297740246
,0.00480881559096893
,0.00190015590590446
,0.0034714044046293
,0.00276309040844289
,0.00228718364065086
,0.00294243326857812
,0.00218940597766029
,0.00478497460403779
,0.00278900389172562
,0.00284597023090043
,0.00605332309294162
,0.00380294609756943
,0.00371862095935032
,0.00635152943236084
,0.00678657121977754
,0.00441183183883134
,0.00547316302791368
,0.00259842646630737
,0.00753233450197816
,0.00819474715277942
,0.00582141170532426
,0.00771468001972078
,0.0148068702813137
,0.0132809061172369
