-1.722441196427858107e-05,-5.003818433704661647e-06,3.778915571569393904e-08
-1.516362974598274433e-05,-3.593539902086039163e-06,9.673862330078318544e-07
-1.566188960791596281e-05,-3.197784959230954413e-06,7.943740751179422944e-07
-1.618340984133326548e-05,-5.311164755560750440e-06,-5.008373887388549066e-07
-1.394418723787331174e-05,-3.475031774145602461e-06,7.718585864001833466e-07
-1.402212621628942289e-05,-3.696544947277361982e-06,6.979943928993504823e-07
-1.366850449748316050e-05,-4.636130527539508162e-06,-7.096011042463498275e-07
-1.311133087800486423e-05,-2.410585660989046830e-06,1.777550194496389148e-06
-1.089727416924758651e-05,-4.766794417548915690e-06,-4.103908307755803223e-07
-1.230248752039469024e-05,-2.805176494550442578e-06,3.439693630642174797e-07
-1.165052508318706651e-05,-2.768860905924850109e-06,6.932146987745411613e-07
-1.202345934376097669e-05,-5.103935966948388678e-06,-6.021646246055335094e-07
-1.492782439472951201e-05,-2.232070552655982223e-06,9.060818525319027228e-07
-1.358388710926591351e-05,-3.578500273950639641e-06,2.226559620182759004e-07
-1.468444904136457641e-05,-3.769113561530719934e-06,-8.764846170419022072e-08
-1.365517190901226397e-05,-2.852232807661051705e-06,1.464569619549155533e-06
-1.223735146030067852e-05,-3.411515645090048678e-06,5.937160152275780550e-07
-1.616663560802968335e-05,-5.098592689430861768e-06,-1.097173339474185997e-06
-1.328742828340642699e-05,-3.483932370718396288e-06,-3.326887010366094483e-07
-1.222961454225693241e-05,-2.187007920046457976e-06,1.071355142115704422e-06
-1.457341302303366575e-05,-2.495418949789828458e-06,1.492230675996027554e-07
-1.317519870101699140e-05,-2.646073076997877357e-06,1.214193431435306696e-06
-1.250802868284322130e-05,-6.016317897610571330e-06,-2.408557090050963320e-07
-1.149540424843862864e-05,-4.866806847921476654e-06,-4.495508047221004086e-07
-1.281137642767647609e-05,-4.515110654434480553e-06,-2.279506481598544346e-07
-1.020914549183484432e-05,-3.382528369677491793e-06,2.714685509527387044e-07
-1.000752111245406031e-05,-2.964045940152126811e-06,1.662594630798822135e-06
-1.188085733229056010e-05,-3.295330797511778406e-06,3.119668196128833502e-07
-1.194579939660439271e-05,-3.903133298498694284e-06,1.721972333096883522e-06
-9.321127748490411606e-06,-4.501508396576505425e-06,5.549623467854111823e-08
-1.138843979026037180e-05,-3.822281062724778074e-06,-3.212888546940740029e-07
-1.273810006199491492e-05,-2.301992924719221500e-06,6.642241626030613175e-07
-1.154322722814489087e-05,-5.256742749111985339e-06,-8.786495082525016449e-07
-1.160783325610372130e-05,-3.669925425661290919e-06,1.084157371385056579e-07
-1.243103137123814040e-05,-4.143710632513103180e-06,-5.833385048396591621e-08
-1.173845289691487663e-05,-4.305913530796967677e-06,-5.551436973783655914e-07
-1.147527947901125267e-05,-3.681307244671718550e-06,1.260237603295219623e-07
-1.023158669440966391e-05,-3.489409769592145241e-06,6.874644099748906075e-07
-1.224287949732316062e-05,-4.104920000651998522e-06,-1.486961209757560500e-07
-1.093148609150294182e-05,-3.814191359811322399e-06,-3.048497454286676067e-07
-9.263341552989651123e-06,-5.193000071802412124e-06,-3.556530949862160101e-07
-1.379306368081560007e-05,-2.302849646973747479e-06,3.439016927205099939e-07
-1.288745428685606003e-05,-1.025980720151423177e-06,1.230389959935885438e-06
-1.111047661499463844e-05,-2.173645185770130550e-06,3.478096293366826460e-07
-1.061593745951238284e-05,-3.053722947248314061e-06,4.458327760857372844e-07
-1.086259638294475152e-05,-3.712389351306378421e-06,1.149800816501705219e-06
-1.092852479432995533e-05,-3.215584534918134357e-06,1.371682179952035414e-07
-1.058295327858967159e-05,-3.423869040345742628e-06,3.064378351363904275e-07
-1.307113074959744764e-05,-3.118748613027314638e-06,9.072435303887624040e-07
-2.037700106285155328e-05,6.277073497622836354e-06,8.698485205790088863e-06
-1.121504617550019126e-05,-2.999445262310228040e-06,2.213671202151289628e-07
-1.081939091767062404e-05,-3.716683227922291572e-06,1.830369675209500507e-08
-1.190876600529585892e-05,-3.189525942430691263e-06,3.369279366702973695e-07
-1.349268159753295361e-05,-2.242759237716272433e-06,4.728605781794400580e-07
-1.030251279540373060e-05,-3.878422000425514809e-06,1.813349714671046463e-08
-1.075239928812113304e-05,-3.292778131456621087e-06,4.158710189828887382e-07
-1.152500888042481308e-05,-2.871210965314671469e-06,3.772389790709730070e-07
-1.154863876986014352e-05,-4.140840782873169146e-06,-2.581622589271077516e-07
-1.187105789687342765e-05,-2.732260372503631294e-06,9.175612677337895215e-07
-1.286760530047617186e-05,-3.068570371951967972e-06,1.171591260529231892e-06
-2.164578315233333817e-05,1.044506625914805020e-06,6.826452720499923298e-06
-1.268633272675388252e-05,-1.691944319230691956e-06,1.149661509098641229e-06
-1.405281679317705507e-05,-4.108811116928384144e-06,-1.346835782630083835e-07
-1.673021663936021287e-05,-1.823611748090963553e-06,1.553138990608880726e-06
-1.130979905875474732e-05,-2.554271613983821241e-06,7.478482003540475942e-07
-1.066115384434116492e-05,-4.785047706138010439e-06,-3.528598417446810363e-07
-1.067076836129658125e-05,-4.600053174018176460e-06,-8.480255724699217912e-07
-9.795509471699261072e-06,-3.493040311977598483e-06,9.234683420912406330e-08
-1.668901624729838342e-05,2.480116189923477190e-06,4.003776739129921413e-06
-1.191633890205165761e-05,-8.800020248144893874e-07,1.656749687053610924e-06
-1.385676684595601046e-05,-2.177001885912401478e-06,6.514215249337778712e-07
-1.368636174374974928e-05,-2.849932037529533745e-06,3.714228344374101268e-07
-1.065833516918027071e-05,-3.894844416857562135e-06,1.141234479603196061e-08
-1.213387611527794355e-05,-2.994961355642570011e-06,3.136261177467097657e-09
-1.247018517089955306e-05,-2.160908426967129725e-06,4.757106216345353885e-08
-1.293558469671492444e-05,-2.751845331007284343e-06,3.213885205769320068e-07
-1.139411694155652377e-05,-2.971664050382820031e-06,4.461073369227116223e-07
-1.272411851232128139e-05,-3.410161546117408965e-06,3.025818626552426038e-08
-1.165434856773628175e-05,-4.648646528732624271e-06,-5.055516167200977640e-07
-1.178800075198638545e-05,-3.190675451212041778e-06,4.527919656696967011e-07
-1.277435425923347301e-05,-2.207624369305614607e-06,1.172335810606658201e-06
-1.112254580208901696e-05,-4.499893436201142597e-06,-7.449219484429757337e-07
-1.699533011571377584e-05,6.964818332372260615e-07,1.715886900191976496e-06
-1.264582769793700236e-05,-2.051752834628240733e-06,4.250046299944626487e-07
-1.234853997520522790e-05,-3.123561352625644402e-06,6.371693405816379326e-08
-1.099469107328902466e-05,-3.450341256571006054e-06,-8.675606457404403407e-07
-1.391970325193448480e-05,-1.978835015061611137e-06,4.356084338919471351e-07
-1.170124896395511068e-05,-2.449322204725319891e-06,9.548348538714053238e-07
-1.015412397590699372e-05,-4.241638091494253439e-06,-3.276624587982576997e-07
-1.077245926629447188e-05,-3.169820173947931866e-06,-1.116517592029340184e-07
-1.110861071073992471e-05,-2.152155168817654368e-06,7.399733895653909318e-07
-1.242103845685269781e-05,-2.003177454716732490e-06,7.782201113368319907e-07
-1.117388763277961664e-05,-3.038189822312351141e-06,-7.243581584248810248e-09
-1.017899092752703839e-05,-3.462164252367057062e-06,-3.960743631555740155e-09
-1.090227605292083466e-05,-4.098848452286627097e-06,-6.569771820187100502e-07
-1.104138827257318432e-05,-3.833547463336305672e-06,-2.080233801631768587e-07
-1.239364883455919519e-05,-2.638351200347949722e-06,1.041451583076029383e-06
-1.169275612972333023e-05,-2.511648077432862245e-06,7.559466100966753916e-07
-9.719758463028856170e-06,-3.443705605617213489e-06,1.324393396167551005e-07
-1.587739456902980361e-05,1.168596774941702504e-06,3.298629680805413714e-06
-2.279169868424560030e-05,1.095950295556554620e-06,1.981533708118396029e-06
-1.178733976854541218e-05,-1.634417626793630654e-06,1.341216198871653086e-06
-1.122336603241516516e-05,-2.021747122735497023e-06,4.270128947779677596e-07
-1.049945841054839933e-05,-2.808848105580834226e-06,7.604621745698587460e-07
-1.124513562917185249e-05,-3.484375439705973158e-06,-1.033848694737898612e-07
-1.133114103413700441e-05,-2.819535962479581661e-06,1.990028420461739708e-07
-1.279141358067879332e-05,-2.900855916292516269e-06,4.763797202050305964e-07
-1.097633913534256853e-05,-2.711178008817461580e-06,-3.405733506030225156e-07
-1.151740946585934454e-05,-2.395149785928175121e-06,9.488001962465163352e-07
-1.364624910279883796e-05,-2.260880646929579822e-06,-1.700150462322046713e-07
-1.111383242285867910e-05,-3.099339020052631031e-06,5.092285895943385392e-07
-1.232555240735486618e-05,-2.960681798643205609e-06,3.483603327944726641e-07
-1.240891023256518587e-05,-2.147834608485864209e-06,4.916190956795424558e-07
-1.197924376135765653e-05,-3.759788101917973141e-06,-6.731436942734514157e-07
-1.258549090352475699e-05,-3.656299001774076854e-06,-6.624324882199595362e-07
-1.105532043343892121e-05,-3.684996703160479584e-06,2.183737530793350360e-07
-1.208748991631377674e-05,-4.327682995270847596e-06,-4.417914639149578434e-07
-1.252146016984507559e-05,-4.063494694105199540e-06,-5.376360222723133216e-07
-9.670049557501469596e-06,-3.137073395833249338e-06,3.757200854807877819e-07
-1.302304906267451009e-05,-2.092388931911300140e-06,1.118072475038075544e-06
-9.595758640304348668e-06,-3.910182049519226809e-06,9.834193603140034601e-08
-1.099551497665292192e-05,-3.891180249768947458e-06,-1.472346469374730580e-07
-1.321256210031053126e-05,-2.262359336881039219e-06,2.318727500297679878e-07
-1.217462707251964309e-05,-3.192106890750730498e-06,-1.128516477336042377e-07
-1.203618221027177444e-05,-2.298595252486580232e-06,9.979242836812502861e-07
-1.257635623049554924e-05,-2.604894111226720820e-06,4.553805805699222721e-08
-1.266882080242163226e-05,-2.084008865318329113e-06,4.908962526536020597e-07
-1.034927861014862916e-05,-3.029331183044654397e-06,4.147441361062218375e-07
-1.101600019464097750e-05,-3.356488351553235501e-06,-3.364747196719022813e-07
-1.966587439880757701e-05,1.933144362293814082e-06,4.347087994259046101e-06
-9.774052756343212120e-06,-2.847171887647914784e-06,9.208972268099299826e-07
-1.211758614291758968e-05,-3.235192995372282904e-06,-1.283101668246650393e-07
-1.108891401943807440e-05,-3.027261642335074578e-06,6.502554736214812986e-07
-1.055723065820957749e-05,-3.447733394953736493e-06,2.658732880732336749e-07
-1.168554872091707991e-05,-3.175146346356190146e-06,2.840827977044101434e-07
-1.183940921981263936e-05,-2.941200928601748595e-06,1.243685709191450609e-06
-1.004016502681656687e-05,-3.722775174980617777e-06,2.284223294376553936e-07
-1.150160634778178215e-05,-3.407523089936423925e-06,3.656658052315669436e-07
-1.124419261693152719e-05,-2.055655215078483458e-06,9.351945132740863731e-07
-1.004053596533086522e-05,-2.470153322231610102e-06,8.079931976645249031e-07
-1.161511426821286749e-05,-3.097028767108705257e-06,8.287227546408393560e-07
-1.252242136902523106e-05,-2.520660481273204937e-06,4.580092604891502762e-07
-1.029467035569157023e-05,-2.746941597088254826e-06,6.934748628144344441e-07
-1.184409590825501346e-05,-2.280016190389548177e-06,8.120092704989815791e-07
-1.356224217591980719e-05,-2.281956884630250753e-06,-4.467868377862102179e-07
-1.159486806032155013e-05,-1.293730295020497869e-06,5.143282694317200353e-07
-1.023842880731409346e-05,-2.477845773000832781e-06,1.754358287415111446e-06
-1.179475992513841824e-05,-2.260609869241822949e-06,4.083892402737911864e-07
-9.711173924635751740e-06,-3.764109939213507616e-06,8.586168462556679637e-08
-1.141512404547178048e-05,-4.096702394011009832e-06,-6.262937669358687912e-07
-1.811317561141175903e-05,2.437054956444099804e-06,5.053620921706072442e-06
-9.720579658624312679e-06,-3.041767203128543997e-06,4.027154065103377812e-07
-1.280768944265692723e-05,-3.895906866502811850e-06,1.258704443716916231e-06
-1.114674120242324087e-05,-2.444667297850228725e-06,4.529449117434345760e-07
-2.078710465630857193e-05,1.453610583449124293e-06,5.431572560100413427e-06
-1.036295898059564923e-05,-2.556689318808750466e-06,2.973258846153153595e-07
-9.455904466721425019e-06,-3.892669363589960937e-06,6.513741944985998123e-07
-1.209175583054201222e-05,-3.422341747043781190e-06,-1.357776655169608198e-07
-1.206359056248715349e-05,-1.421731295733386324e-06,8.116852820243640251e-07
-1.002005316913142124e-05,-4.325554761651800578e-06,-2.055328759445766937e-07
-1.035146312434865102e-05,-3.272283273286956748e-06,3.558135721262613730e-07
-1.147628607772945284e-05,-4.125760347785003667e-06,6.399782819677808839e-07
-1.211197083669548257e-05,-2.822957220074189228e-06,1.307646325348516785e-06
-1.213191655117651261e-05,-3.424755230551081572e-06,3.886595378051937437e-08
-1.323319533585614481e-05,-5.083533305422404019e-06,-6.542390941935527026e-07
-1.366328403947897376e-05,-2.689551057275851382e-06,-4.869577997546980684e-07
-1.264784121375677201e-05,-2.542779423398847096e-06,1.009639934031433451e-06
-2.233525125794199546e-05,1.929624453815521836e-06,6.583565491570985147e-06
-1.044260711765114140e-05,-2.843856692170137176e-06,1.474284970006683851e-06
-1.147996911467932018e-05,-2.942203135400385710e-06,1.166523345668842365e-07
-9.968102350606499053e-06,-3.018161306319799613e-06,1.057466598674563486e-06
-9.215102220297639843e-06,-2.496312858249746376e-06,4.623086377234315644e-07
-1.031971997114619723e-05,-3.378893080559387175e-06,8.322574286286015763e-07
-9.806327376120392838e-06,-3.264073771853995610e-06,-1.392454660830769618e-07
-1.079153027947896682e-05,-3.770689925822894563e-06,-6.596392186910084906e-07
-9.428599365322007147e-06,-3.200507816819263053e-06,-3.265393461004756514e-07
-1.309817523132985734e-05,-3.294660406133429004e-06,3.506678056454073970e-10
-1.269890572405552692e-05,-2.699478224859805720e-06,2.473150046846089824e-07
-1.200747316534697157e-05,-1.427835759719594856e-06,3.792528920164038717e-07
-9.957952086508253052e-06,-3.365609640458973105e-06,-4.366167796684410965e-07
-1.199907145965271760e-05,-3.148494047439059225e-06,1.969627557203055418e-07
-2.315074869093676203e-05,5.822153196075434185e-06,6.994676335573025779e-06
-1.167105192421651394e-05,-2.566721584850847851e-06,3.870696296253750281e-07
-1.268323992816660541e-05,-2.909787997252377329e-06,7.761099507187138515e-09
-1.465615771237765926e-05,-5.594097589016729728e-06,-6.850551057864494444e-07
-9.383417579046139735e-06,-3.588328452890814275e-06,3.297646812700353702e-07
-1.117519244884451121e-05,-2.774550039755897928e-06,-9.199069159487651669e-08
-1.098809713991050598e-05,-2.354197338969140928e-06,4.786823775163301772e-08
-1.147514622787956634e-05,-2.970777711423946911e-06,-1.465581666351992686e-09
-1.083136570080507247e-05,-2.966462457573035121e-06,2.793629269717768802e-08
-1.441586933901478175e-05,-6.594448417908086130e-07,6.376187391795707132e-07
-1.558695881698524301e-05,-2.648502960836732467e-06,1.405213234649158268e-06
-3.245334300463843449e-05,4.658348049414345711e-06,-1.330857004583998861e-06
-1.096718419392621480e-05,-3.521772945220449965e-06,1.156325339775228017e-06
-1.010287348042554323e-05,-3.463125239289319882e-06,3.763374388384599325e-07
-9.796929197151404696e-06,-4.116586884848931112e-06,-2.046022081084065669e-07
-9.614486136251582888e-06,-3.611949084002465560e-06,2.666572647346263364e-07
-1.019677541462319380e-05,-3.541801815483749447e-06,3.768890575008349670e-07
-1.353741769636949611e-05,-1.745531842914967265e-06,1.556651022956363785e-06
-1.233036417217536693e-05,-1.551658045941230913e-06,9.012853432343079880e-07
-1.346130903556176584e-05,-3.389622980812131429e-06,1.882773912149857513e-06
-1.072438831493184290e-05,-3.589706085044252456e-06,-8.919839411223274126e-08
-9.754449247429303158e-06,-4.033129552000005956e-06,-4.364416916073694239e-07
-9.907898113782140771e-06,-3.543028841037825646e-06,-8.145218872717456989e-08
-1.254488665688094628e-05,-1.777048410849998565e-06,9.674176116650357219e-07
-9.594580645190545562e-06,-2.601530337013888621e-06,-1.350795298358884831e-07
-1.882638115256338120e-05,3.136826529830237416e-07,1.444159806540299203e-06
-1.617887153770334121e-05,3.419045876675071894e-06,4.869112188937182934e-06
-1.237886670068442727e-05,-3.230050137338138162e-06,-4.997295326616271083e-07
-9.989870720345426326e-06,-3.627230198772856405e-06,-2.324512539053228026e-07
-9.619065863743846853e-06,-3.971564842060324374e-06,-4.599697860166565588e-07
-1.041923019028748018e-05,-1.453614289674385397e-06,6.923700395074590081e-07
-1.110056838979896602e-05,-3.341753506396280164e-06,-3.467721669383985762e-07
-1.445124956367753670e-05,-2.169485338979123192e-06,1.923410876223507580e-06
-1.233825885965240345e-05,-1.397024706053230485e-06,2.010661922561082053e-06
-1.186942879870242143e-05,-3.111074445445140062e-06,1.704366208140381275e-06
-1.209474786428664907e-05,-3.239276244295480945e-06,4.809313625339202004e-08
-1.260303463033093569e-05,-3.184266404725562755e-06,1.278844241116419981e-07
-1.167585812400703251e-05,-3.484898511034343880e-06,-2.959723300099793758e-07
-1.317795522531892947e-05,-1.711641623877720690e-06,7.380462040807656129e-07
-1.083507096097126593e-05,-3.255525258712996693e-06,1.127742854940183373e-07
-1.278547959670463392e-05,-2.266427169846312758e-06,1.130119406120819165e-06
-2.088591735428347256e-05,6.782234496013655052e-07,5.289145931224851421e-06
-1.001317442629958654e-05,-2.174454152197485116e-06,5.044450293981319162e-07
-1.280106664263330286e-05,-1.126217651340059890e-06,5.324804015334844712e-07
-1.192722565911599939e-05,-4.449008121680271019e-06,-4.564770272456381093e-07
-1.239661602336262351e-05,-1.235500121574444385e-06,1.113572898901632442e-06
-1.113131891749929411e-05,-2.443545849566652935e-06,1.014086349496541395e-06
-1.030970261493285782e-05,-3.485252250752681219e-06,2.446939088760772217e-07
-1.100250061680812175e-05,-2.489453334191008012e-06,6.274510897703601105e-07
-1.130472489295823443e-05,-2.714345734952338293e-06,9.028465614868404254e-07
-1.105482485271002152e-05,-3.295592379138277956e-06,3.709817524437544796e-07
-1.077268954731602512e-05,-2.826004059797585844e-06,7.390351545521255915e-07
-1.266817365481646145e-05,-1.629247697329689911e-06,5.920178144066830054e-07
-1.129068103628724876e-05,-3.665618043668984946e-06,7.149198318285786349e-08
-1.027414687137913524e-05,-3.204398091705376147e-06,4.485107812658083603e-08
-1.437027342496386973e-05,-1.406666208776971297e-06,1.227183347704617406e-06
-1.085843414385578191e-05,-2.791000735614609076e-06,8.126054617914542130e-07
-1.192426905603945808e-05,-3.416979529489056734e-06,1.425502278856900938e-07
-2.632268355368497473e-05,-4.121906423650506464e-06,-2.090370680625334648e-06
-1.567513489463573614e-05,-6.386401934119251214e-06,2.390050855958854341e-07
-1.406300859304809963e-05,-5.186932371344259657e-06,-1.391597301803715468e-07
-1.553803807518065210e-05,-5.935812741037303691e-06,3.471448221153326865e-07
-1.353644384007807220e-05,-4.077298099927165547e-06,-6.005504979183180660e-08
-1.561301322782543199e-05,-4.764294368359521616e-06,3.890747908653697687e-07
-1.419315774230119997e-05,-7.495849611385955594e-06,-5.808372005680976516e-07
-1.558696744778123477e-05,-4.955309178191597009e-06,-1.416719674741836675e-07
-1.163843778187848833e-05,-3.801467203669334413e-06,6.340110241169340164e-07
-1.332020654568264279e-05,-4.587290233101035509e-06,7.972896995875513731e-07
-1.601073834120699530e-05,-5.161180709243885384e-06,-9.740683848704932197e-07
-1.192144018486779371e-05,-4.378646131103673065e-06,-2.822948713409273296e-07
-1.122811727068973076e-05,-4.265650006812331489e-06,7.128094308874818264e-07
-1.327336707416225471e-05,-4.598430999386065965e-06,-3.762462103983722613e-07
-1.490168999051727740e-05,-4.281846468460307167e-06,2.363675803371212582e-07
-1.249622123496820826e-05,-3.547793973988290719e-06,2.389024214233661107e-06
-1.532318367643920328e-05,-4.709231762830349332e-06,1.034755017059706518e-06
-1.303733888446983023e-05,-3.629952484567197806e-06,3.288211635568909027e-07
-1.234768131754009896e-05,-4.230159066927445301e-06,-3.408800698767545968e-07
-1.189312105793232085e-05,-4.827082880628279556e-06,2.414097777676903396e-07
-1.173440849533221548e-05,-4.405166110607601161e-06,1.132106001143777057e-06
-1.327257459160537575e-05,-6.018100579839035804e-06,1.383546492402645851e-06
-1.230871435448078074e-05,-5.179655287913462192e-06,-1.322397090659790770e-07
-1.138635492364150804e-05,-4.762085439955691095e-06,8.798898971354871781e-07
-1.272734019019490100e-05,-4.040227088443617293e-06,5.584242095774782265e-07
-1.232227566041048484e-05,-3.795418254676336804e-06,4.343877804340334541e-07
-1.188079854601244148e-05,-3.173366422809004064e-06,1.676202604220181620e-06
-1.163644285246013043e-05,-4.117044842010047042e-06,-1.035978332962799508e-07
-1.161488650045228945e-05,-3.015885989643457999e-06,8.666056748928283459e-07
-1.160740764136525597e-05,-3.445902759809244123e-06,1.054925961403219126e-06
-1.084611866412574051e-05,-4.429455164791272868e-06,1.276318573868870404e-06
-1.263280766212092289e-05,-5.327071660993822382e-06,1.376679036706272496e-07
-1.312605580164903695e-05,-3.085167430794417728e-06,2.096393290808017303e-06
-1.275223985997074160e-05,-5.606306259257893529e-06,1.767713848192953497e-07
-1.129253641227621515e-05,-3.559393398632144655e-06,1.716244109065239322e-06
-1.271756700630443716e-05,-4.094618738983495608e-06,5.894456150656216567e-07
-1.240855584108838735e-05,-3.397194681011270973e-06,9.887696527371285040e-07
-1.108842541342396304e-05,-5.831551872371354601e-06,-1.260741606397421137e-07
-1.189881722023504794e-05,-6.097674484863784989e-06,-4.587900958166813956e-07
-1.358841850026751416e-05,-4.119673458971898085e-06,5.785548600158096614e-07
-1.479053433143489828e-05,-2.802683703816386593e-06,4.842847922316936452e-07
-1.432614099888766830e-05,-3.166325913754247213e-06,6.686739630735161542e-07
-1.088500885517650855e-05,-4.336666595232889562e-06,3.184568154753997775e-07
-1.111599552888080906e-05,-3.933866567854890972e-06,4.568062810918254468e-07
-1.098167298463682443e-05,-3.126372123365440117e-06,8.464636093281489146e-07
-1.217135624801576471e-05,-2.712495710137275849e-06,1.400035294494541520e-06
-1.161715315106418849e-05,-3.471470910887963129e-06,1.215694791417879804e-06
-1.609775458097728400e-05,-6.246027987920810348e-06,-8.383478242314746565e-07
-1.126506870071588546e-05,-4.106507751116452886e-06,4.203160333992326648e-08
-1.191681260775706669e-05,-4.204539474894365128e-06,1.518253785163027318e-07
-1.438710929800633784e-05,-5.838773675625999926e-06,-2.562741697127713297e-07
-1.309816200262885021e-05,-2.381354072724583350e-06,8.230202119962627271e-07
-1.270655234396752852e-05,-5.807442755755305059e-06,-4.244278430676980033e-07
-1.318931107733792414e-05,-4.785699120383486507e-06,4.881443696175927342e-07
-1.223300035391996707e-05,-3.201117967589175998e-06,6.556529685697244101e-07
-1.123899200158295389e-05,-4.451778364930904626e-06,1.119410002406096073e-06
-1.268869916586029621e-05,-5.823014631591296983e-06,-1.369845672703200001e-07
-1.193207981126067884e-05,-4.962163962820000775e-06,7.935953465589430306e-07
-1.365118221153654265e-05,-2.264028512789259298e-06,8.862225785305195372e-07
-1.126744637588156911e-05,-5.217463362288708951e-06,-1.057338819512040014e-07
-1.360225569883912949e-05,-3.870176485980549009e-06,4.327261455490902493e-07
-1.086057525679607869e-05,-4.585139477634273832e-06,8.031665187930736463e-07
-1.133215786428841317e-05,-4.788294075517928635e-06,1.253530206284873944e-06
-1.108830731094170480e-05,-6.277804383543474732e-06,8.892548685436245564e-07
-1.514201730266693713e-05,-2.800627306524140679e-06,2.599037716137449345e-06
-1.194399172361864582e-05,-6.841769204184520162e-06,6.770039318072401927e-07
-1.575178704543010556e-05,-9.896282018871282025e-06,3.567358329516520972e-06
-1.194719106136511971e-05,-3.593494886939276385e-06,7.311432496294960939e-07
-1.152045109604423091e-05,-4.433835663608060489e-06,1.252329697402699267e-06
-1.136968495904973093e-05,-4.371396650250357216e-06,6.296748176275721137e-07
-1.242098124962443970e-05,-3.327430992754348362e-06,6.805873671722973138e-07
-1.309495527101755734e-05,-4.887570641527752480e-06,5.251774330066278746e-07
-1.211607773063103979e-05,-4.573732607460152503e-06,8.379412749188976183e-07
-1.316939279706763355e-05,-2.552301157894430760e-06,1.057909511223097627e-06
-1.502301127556178986e-05,-7.817359843542870426e-07,8.253914758453226404e-07
-1.264182814892581364e-05,-3.125115707550243468e-06,1.033548880910362002e-06
-1.285137512970871182e-05,-3.935708088021901706e-06,-5.751770537034670000e-07
-1.409228598051400936e-05,-3.401872684531779146e-06,7.645298873293068665e-07
-1.439403092280165220e-05,-1.973311002755761456e-06,8.859277139186154981e-07
-1.216817072515730781e-05,-3.600745260871629471e-06,4.818922756838931606e-07
-1.279868960700208206e-05,-3.706950104954470279e-06,1.512047166158178830e-06
-1.142913764211475215e-05,-4.448613408595534039e-06,4.021980316920381396e-07
-1.174354146474162896e-05,-4.799147643956970687e-06,-1.215247568161686147e-07
-1.685406843984286861e-05,-4.333373982150948626e-06,1.688251072379060761e-06
-1.173575403559877835e-05,-6.204491283450244058e-06,1.164311021145178932e-07
-1.181253822584693559e-05,-3.970179652152456614e-06,5.687920513519558762e-07
-1.102365021065198373e-05,-4.249998496666021599e-06,1.238191501688174714e-06
-1.328869910645276904e-05,-4.740118014571881136e-06,1.493455282992833965e-07
-1.402844204528480315e-05,-1.456271106404045454e-06,1.332169153211753520e-06
-1.523610225326706454e-05,-2.277092830060405108e-06,7.035612173501996863e-07
-1.455834052882559335e-05,-1.120447834639508587e-06,1.312185922202951082e-06
-1.423276279846583452e-05,-1.630373806116198252e-06,2.548310143081401424e-06
-1.050754464930488216e-05,-4.697155550059996626e-06,9.095007846948085500e-07
-1.040621273035472110e-05,-4.515589111552561528e-06,6.201819330822500849e-07
-1.210526010559703750e-05,-5.778119099398937836e-06,-9.755728288162743568e-08
-1.334366039706329374e-05,-4.411203239970142202e-06,-1.606735862547463570e-07
-1.305796063214585196e-05,-2.662302051857437303e-06,1.368315077091618732e-06
-1.252908976482145908e-05,-5.028589452707844976e-06,5.501353572718330631e-07
-1.337365131149542073e-05,-5.909442434658697815e-06,-4.766652826444199971e-07
-1.265146762627310883e-05,-4.710034332432111563e-06,7.353888952670472912e-07
-1.438417038948677407e-05,-6.157211199557737914e-06,-2.527936924082964312e-07
-1.122644301498486232e-05,-3.961637834357177834e-06,1.753696798022041351e-06
-1.233732472568648572e-05,-4.873754133821677215e-06,-1.034049844039903128e-07
-1.151564064973253768e-05,-3.838877423793810212e-06,1.795139469763520474e-06
-1.155105939936302565e-05,-6.126273654648904786e-06,6.785524093839880945e-07
-1.269775941876653153e-05,-5.528220403708283305e-06,3.935560184318201952e-07
-1.163613974063689849e-05,-5.522056264883169692e-06,1.458492195610828745e-08
-1.171691638205555935e-05,-3.393464645364054512e-06,2.483646938000989697e-07
-1.402875337901917663e-05,-4.599575390476404215e-06,-7.606059700524769985e-07
-1.332328719611686653e-05,-6.107569903452797094e-06,-3.181084222874908977e-07
-1.104389461973792357e-05,-4.211305217494775234e-06,1.578572741913378573e-07
-1.175898536312091982e-05,-4.507002628034924024e-06,4.435886924387910554e-07
-1.296104233868096889e-05,-4.260749917897727283e-06,9.592774731925684833e-07
-1.681825900719169503e-05,-6.172267252262534021e-06,-7.800247938281423012e-07
-1.489547801589646190e-05,-2.144617925190230352e-06,1.204702813868442785e-06
-1.396123279703737333e-05,-3.905280495716679430e-06,4.533335210421792870e-07
-1.149822824167053895e-05,-4.244586114543816551e-06,-5.282866163507384840e-08
-1.260890283943599445e-05,-2.224725592473237031e-06,7.714020896078216246e-07
-1.165301763123191695e-05,-3.243425884422226043e-06,2.040093443572963785e-06
-1.594208115390110492e-05,-5.716426223578060983e-06,5.270831475571384219e-07
-1.222576271133517587e-05,-4.855051572847963399e-06,6.988903757992190132e-07
-1.254371453202340485e-05,-3.693224987641727584e-06,4.625224871324882982e-07
-1.562647822337277635e-05,-4.244373789627935244e-06,4.681028541567504805e-07
-1.039456703158229102e-05,-3.409459379683221707e-06,5.682877320573459241e-07
-1.044736172291910103e-05,-4.050968067708168823e-06,1.033309346164861983e-06
-1.392155701421331589e-05,-3.439827916880917781e-06,1.192181920921300004e-06
-1.414729499855402892e-05,-4.358645717227769493e-06,6.589056849095812774e-07
-1.315184010137488292e-05,-7.445753283828228792e-06,-1.648737286507201880e-07
-1.227490931277456239e-05,-2.966273276604235106e-06,9.223954944406577874e-07
-1.293997624563853907e-05,-6.789958426088032096e-06,5.148200865396589260e-07
-1.171628160565008512e-05,-4.902685741048647992e-06,5.376809481809886853e-07
-1.323734480152186851e-05,-2.254172257510301354e-06,1.313700548219173475e-06
-1.516700038090678002e-05,-4.175493943444464266e-06,-1.196034042538302827e-07
-1.282875383942070924e-05,-4.254901041301502630e-06,1.437906959938117758e-06
-1.354405592432553196e-05,-4.862831074708596543e-06,8.223108164785684319e-07
-1.510674132082076359e-05,-2.307717895959299708e-06,1.071170474726740559e-06
-1.221899623269813315e-05,-1.875310526880549331e-06,2.530087287690547711e-06
-1.335919766430594230e-05,-4.988669512638611735e-06,1.242935575968828636e-06
-1.217949936815499968e-05,-3.188513180345434015e-06,1.283871764098733510e-06
-1.546239410583832849e-05,-4.794424938879412303e-06,5.875362174120672028e-07
-1.221845897784018611e-05,-3.028171780269003888e-06,6.509759859173461221e-07
-1.581828105813160555e-05,-1.161792282770955196e-06,1.772090171515637203e-06
-1.184369095877959580e-05,-3.323489251398488026e-06,1.328344154083565017e-06
-1.719809202719079641e-05,-3.209072250875594301e-06,1.288735568229626504e-06
-1.629144174811750700e-05,-3.310351163233634533e-07,1.129973800399555414e-06
-1.673095024290342428e-05,2.110759865142471811e-07,1.661367456712632313e-06
-1.380475046803713207e-05,-1.452082282413565249e-06,8.165711286674075683e-07
-1.589233589875911078e-05,-2.656842129964321024e-07,1.672433152708088468e-06
-1.364780667159011956e-05,-3.572823474634451119e-06,9.176688729646399470e-07
-1.441983113486420321e-05,-6.423659819797881367e-07,2.570185310288494599e-06
-1.514628836522982225e-05,-8.295612171461618802e-07,1.659595198672484136e-06
-1.136443804200038087e-05,-4.008165173002415517e-06,2.032276155260842115e-06
-1.370072338124089529e-05,-4.297690869644988664e-06,9.779684899151959515e-07
-1.462486830481695793e-05,-1.229541922753053021e-06,7.183717697340766084e-07
-1.618396686001507553e-05,-2.178524067342519939e-06,1.272798917041036104e-06
-1.479062771109298615e-05,-6.792642223202933576e-07,8.419650273932739310e-07
-1.307020990037135422e-05,-3.952335336341525069e-06,-4.939029616234753195e-07
-1.228015862307880128e-05,-2.805064273259717601e-06,7.502527976157017043e-07
-1.710928067903798322e-05,-2.879205060539362667e-06,1.739802196132672862e-06
-1.240619280847617150e-05,-3.425041240861039823e-06,1.563552137199823613e-06
-1.641721489034585259e-05,-3.855763158246067278e-06,8.157829493692416533e-09
-1.281044431313772873e-05,-2.422975226876825692e-06,3.236743317226353858e-07
-1.323457466765587794e-05,-6.106027166185587606e-07,2.109944834478892224e-06
-1.040022869337403088e-05,-3.737717653036862236e-06,1.950792444461470893e-06
-1.303437971545217021e-05,-3.877408804217200098e-06,1.273116897112810099e-06
-1.276143756906826125e-05,-4.578440270262313227e-06,3.639507979812617348e-07
-1.236664274680633656e-05,-3.901807705469855062e-06,-3.020349870250844011e-07
-1.247539226556693548e-05,-2.992171420023995598e-06,7.916992079916981913e-07
-1.229197467485082304e-05,-4.366103857477724381e-06,-7.144524631446286881e-08
-1.393554601432649824e-05,-5.372703141605071732e-06,5.111252388773843966e-07
-1.386103475385553134e-05,-5.809689817012337302e-06,2.710515748603435148e-07
-1.280239765742992417e-05,-4.430459782416758195e-06,8.705666041909537930e-08
-1.343670265328077768e-05,-5.720943207751280393e-06,-3.710187018340066352e-07
-1.363472098012656828e-05,-5.998135193102268516e-06,-3.646186119275246180e-07
-1.448702467103530580e-05,-5.932891982769135046e-06,-9.919954155598279835e-07
-1.509719287736166989e-05,-5.540638180204497421e-06,-3.968679830303527591e-07
-1.694898784062144075e-05,-1.385772853458402823e-06,2.361087220852814743e-06
-1.122809640219418187e-05,-4.310784185946591505e-06,1.446148239672984174e-06
-9.869914617306470200e-06,-4.261913100916618710e-06,4.202722767369956265e-07
-1.333991080062692060e-05,-4.778104357985857908e-06,4.880441318089828753e-07
-1.351008206843155842e-05,-4.278840644781742865e-06,3.235282568851142375e-07
-1.281302178815786897e-05,-4.881888629777369515e-06,-4.269305562256941959e-08
-1.373714735949941709e-05,-6.383163560063501307e-06,-3.586040677742819006e-07
-1.283847098195524529e-05,-4.716816831359601967e-06,3.845724306402876191e-08
-1.561605061551628223e-05,-5.979874756363473304e-06,9.224795868884147612e-07
-1.793576683831053293e-05,-7.638554673502819320e-06,-9.117035616005838323e-07
-1.544181728839067122e-05,-7.531239120349459982e-06,2.186557450862596093e-07
-1.318277408185028017e-05,-4.358193554974415015e-06,9.454249221561389486e-07
-1.224523846011864756e-05,-2.797247717588066455e-06,-6.569937852863555030e-07
-1.209948236969123547e-05,-2.964402589186366217e-06,2.500306998925747497e-07
-1.116114516428613673e-05,-3.542433926841956035e-06,2.775146986497382184e-07
-1.157060191205849098e-05,-2.480618510320936160e-06,6.012686157650171180e-07
-1.041843030830904960e-05,-3.139684109380490631e-06,2.597993036364396949e-07
-1.272414395784973410e-05,-4.034579360446909798e-06,4.118751260174406807e-07
-1.107124773783883518e-05,-3.109683993761971691e-06,2.081409748549019321e-07
-1.157949850189476094e-05,-1.896536466641256145e-06,5.453151083259280651e-07
-1.062009635817053049e-05,-2.553023055653547585e-06,1.007545751641285612e-06
-1.113838217133158096e-05,-3.267646041488783644e-06,1.681691349074119396e-06
-9.753738369070359693e-06,-4.046294140805404706e-06,5.900404931312817786e-08
-1.062393523939225722e-05,-4.070652168007568208e-06,1.913333731353797274e-07
-1.038958940738642810e-05,-3.867986668468602752e-06,2.849188805222431775e-10
-9.915540744551148847e-06,-4.304694158607110690e-06,-1.122775158193729496e-07
-1.513975594275165527e-05,-1.714115761633007549e-06,1.976788052462993009e-07
-1.491609061476345901e-05,-2.466942643850788524e-06,-1.978148880790406070e-07
-9.604772161599852695e-06,-3.199434604700194679e-06,2.792377489361896644e-07
-1.139465837643966614e-05,-3.548993969868107407e-06,1.113726983289468105e-07
-1.161397763900010502e-05,-4.040505581255849186e-06,2.248174646218067109e-07
-1.872581228922233295e-05,-7.977749866597774783e-07,-1.134449685777518667e-06
-8.918254318858005739e-06,-3.155767170018735150e-06,-1.315654057685859046e-07
-9.590082826376760306e-06,-2.679085781018488915e-06,3.158813005573173956e-07
-8.969517400276401107e-06,-3.345136262252939280e-06,3.883656828261752733e-07
-9.574211525460607988e-06,-3.685102182323088182e-06,1.652078937239504723e-07
-8.027478917825899769e-06,-3.158172488208541459e-06,4.701365812406589863e-07
-1.058506916718623137e-05,-3.172146621235423607e-06,3.939574731075998729e-07
-1.069440368735743856e-05,-3.244133973345472855e-06,2.423353490025217771e-07
-9.681258593864721531e-06,-2.810526299678992863e-06,2.842946390994648619e-07
-1.086636072274993108e-05,-1.555339416518195277e-06,6.759375554748382275e-07
-1.551820557876912925e-05,2.728817274139822916e-06,4.858422565425559886e-06
-8.958478401150636944e-06,-3.558376548439910527e-06,-3.389120169763456319e-08
-1.110932176568154955e-05,-1.443175260317451690e-06,1.275539553756301443e-06
-8.930617108119160070e-06,-2.297548187976822976e-06,9.938117762346339103e-07
-8.592233891556120214e-06,-2.776156308032039550e-06,1.014218603983106673e-07
-8.453745950024076149e-06,-3.021417506848608182e-06,1.539478055567879797e-07
-1.032893222711704600e-05,-2.775516031849327311e-06,6.218035043344235642e-07
-1.023387565439866660e-05,-1.725165272294036725e-06,3.327063610444058618e-07
-9.843060888021303132e-06,-2.714525818066278071e-06,8.494434683492733958e-07
-9.301191640385294266e-06,-2.745697408339499008e-06,3.922440351601304103e-07
-8.359571811861499314e-06,-3.325506103205817548e-06,4.943520741008605365e-07
-9.388745656711466189e-06,-2.330396636488325329e-06,7.006866571443254205e-07
-1.017948814158952623e-05,-2.958001857475567658e-06,3.870130968794487693e-07
-8.271543666148657804e-06,-3.308920062813993923e-06,6.329809215934762285e-07
-8.733664495900697966e-06,-3.383661732666098228e-06,4.615200777858231511e-07
-1.123753987045817916e-05,-1.386787405090915172e-06,2.446581197375910240e-07
-9.736720405743839451e-06,-2.383382163967694176e-06,2.367085853681666778e-08
-8.457123648757957387e-06,-3.394844836230400264e-06,2.517898000131797491e-07
-9.102649930136937656e-06,-3.080442076785811875e-06,5.049278425153294611e-07
-9.312694299817071244e-06,-2.047710510561577028e-06,1.124275446103521671e-06
-9.234085506025699794e-06,-2.311938265252658964e-06,9.573574381121557533e-07
-1.021874918226932005e-05,-2.109374704806429800e-06,7.163685459500839992e-07
-1.653953815853609767e-05,-9.546803170004333500e-06,6.352748926298318222e-06
-8.197581162286495489e-06,-3.159859697507569498e-06,6.447305008787989500e-07
-8.429670685631687752e-06,-3.314129826608566645e-06,4.685221167625126270e-07
-1.008539485702602203e-05,-3.851592841765223405e-06,1.050210896503883436e-06
-7.628427031421396351e-06,-3.789267421814460465e-06,3.986564155924449292e-07
-1.086618943440266235e-05,-3.252608833617568819e-07,1.402517827777212545e-06
-8.644033071446252488e-06,-2.246726251103214837e-06,3.251444533181484521e-07
-9.518928571292861664e-06,-1.363895302465337543e-06,1.224030992019632352e-06
-1.053761435316055551e-05,-4.537554529888123457e-06,1.228556745257854282e-06
-7.810085735854786274e-06,-2.640699906091421383e-06,8.570495330418808177e-07
-9.973447466825065261e-06,-1.654099749301969374e-06,5.268973823581315842e-07
-8.383584090895662981e-06,-2.796986173422021667e-06,5.708995501073837324e-07
-9.224813128550155887e-06,-3.603839435187402782e-06,1.014514279055980203e-06
-9.728755597723679223e-06,-1.158340527926099172e-06,1.236443579877806434e-06
-8.333832636729300404e-06,-2.774047693021720185e-06,4.228785099166674498e-07
-3.909269037073559954e-05,1.209639597417416430e-05,3.562713833292626476e-06
-2.874263331600206172e-05,1.483422324052068282e-05,9.404408260727120197e-06
-7.616278228361838541e-06,-3.004079191360473261e-06,8.131216987624758814e-08
-9.136326303942882669e-06,-2.440666760265219042e-06,6.669903503950548610e-07
-9.889785604004639656e-06,-3.243505883296172064e-06,-1.121015534884673041e-07
-9.218781925990599224e-06,-2.882919274847038238e-06,8.095905122172723582e-07
-8.499788700491385420e-06,-3.196600615575003053e-06,7.852685361197780025e-07
-8.178192413697363294e-06,-3.437735426760730139e-06,3.548766936126036420e-07
-7.978288684146422720e-06,-3.326679012459865143e-06,5.559193680124040577e-08
-1.012143496754906336e-05,-2.566218506552182571e-06,2.123674170201374033e-07
-8.956347470167761387e-06,-2.694570978783794283e-06,7.736389683064824604e-07
-8.841153723369898546e-06,-2.775888967780749517e-06,2.998749715160643829e-07
-8.271342140195775449e-06,-3.045200628009845732e-06,3.149862540373781947e-07
-9.937168358918901267e-06,-3.920631993840556221e-06,-1.300605763460999515e-07
-1.022942713035087556e-05,-3.143100753607060155e-06,2.432146081588907864e-07
-1.058691603309676954e-05,-2.670048797715714187e-06,1.059735704521090188e-07
-1.252679569984310000e-05,-4.528621821669537614e-06,-9.967207639459657164e-07
-8.436793212316546161e-06,-2.945456839791366611e-06,4.468436088583324280e-07
-8.160654791357860061e-06,-2.231436138873846141e-06,5.572584642588546866e-07
-8.014359029520802665e-06,-2.962761185082354842e-06,-1.485007715941130159e-08
-8.953945177989983123e-06,-4.237084766402540190e-06,1.103713788372443091e-06
-9.768690258419155295e-06,-2.454700567844437661e-06,8.997541104172601029e-07
-9.402711711836088024e-06,-3.117157537368488138e-06,2.035577101783371314e-07
-8.921591684356661181e-06,-3.018323538424335145e-06,-1.643564214495326254e-07
-9.844788008470740969e-06,-3.529916933361268642e-06,2.645863924469358264e-07
-9.928750432092874089e-06,-3.364501952355330770e-06,8.936091611396753028e-07
-8.396337281037928024e-06,-3.206559539308908479e-06,-3.437843092999530798e-08
-2.316135868188276949e-05,5.537249618856431095e-06,4.281861117747647094e-06
-2.760383423786479299e-05,1.300359758786374251e-05,8.026486699432919670e-06
-8.980915753175596421e-06,-2.526942279651573798e-06,3.408338924396104688e-07
-9.704226201416068354e-06,-2.435872531766423611e-06,1.454673822440557859e-07
-9.262164492668381382e-06,-2.098668022999831930e-06,8.664105331671515381e-07
-1.066254701438183870e-05,-1.524195981249524772e-06,4.776407085458564679e-07
-8.846620749122918793e-06,-2.865634111175246354e-06,3.347188676840187451e-07
-1.042050434045451415e-05,-2.617138492044789597e-06,-1.807574599904837267e-07
-2.532779989419711963e-05,6.206388738645815193e-06,5.116942963712803822e-06
-8.500686333848926979e-06,-3.050957230663138026e-06,9.296144565522673759e-07
-9.363821630113917393e-06,-2.893708948235249198e-06,8.801548380006024822e-08
-9.810242775456816256e-06,-2.211885253434593681e-06,4.656018536487427315e-07
-1.273771781958473096e-05,-1.007002083883956056e-06,1.450805497078681396e-06
-8.548921884911782457e-06,-3.412070305966296961e-06,7.379273662729177396e-07
-8.228178831166951278e-06,-2.662400631706810432e-06,4.814655063157322585e-07
-8.012334889051218561e-06,-2.219679334431280696e-06,3.769929154704825206e-07
-8.309153505461347721e-06,-2.796285094284707836e-06,1.037172134105680596e-07
-1.009446756671766725e-05,-3.359484695114469562e-06,7.249698265280752432e-07
-9.609973600232251618e-06,-3.106837652973059431e-06,9.679750928854924253e-07
-1.001024364298803346e-05,-1.716518345140568452e-06,8.696790890933114459e-07
-7.598917458593619969e-06,-2.230873410964499052e-06,8.083458109186713973e-07
-8.791312365711194136e-06,-3.285814155712898236e-06,6.484622503362359558e-07
-8.619598592572944520e-06,-2.923253529938812267e-06,6.365449773574892587e-07
-8.921836542707038372e-06,-2.105443065917145715e-06,4.706765683259208291e-07
-1.032714864657526099e-05,-1.731306689401557214e-06,8.772274556761529509e-07
-1.003841815079401915e-05,-2.404321349106704812e-06,4.959437861242668290e-07
-8.709911330767446206e-06,-3.204623258966223689e-06,6.067202725755458678e-07
-1.993420835778031154e-05,3.263303021929680498e-06,7.898989490947968658e-06
-7.678836211372742172e-06,-3.150634879939055407e-06,4.881234778283626133e-07
-8.830855992424981038e-06,-2.527545765099335618e-06,5.529898593458684293e-07
-1.119016071347859492e-05,-5.676780208591788464e-07,1.080644850846615080e-06
-1.140800443530939231e-05,-1.862326724996195769e-06,2.167941884354552997e-08
-8.682415332510196116e-06,-3.322952965964681319e-06,-4.120522739249052393e-08
-1.155803129167055557e-05,-3.700716965195013258e-06,2.144593650459018398e-06
-8.353024796064306804e-06,-3.212525730619366694e-06,4.216502872313664698e-07
-9.463093223461667428e-06,-2.433241809444023346e-06,7.532969228813865989e-07
-1.117551143369850429e-05,1.268204268132076429e-07,3.183507789674014904e-06
-8.944061199045530577e-06,-2.355267275378033459e-06,1.478519379058344269e-06
-7.572411873790259605e-06,-3.282011465195433860e-06,5.563851351854074146e-07
-7.416385434517040921e-06,-3.268114316543945017e-06,5.592170037292951905e-07
-9.630934251848993224e-06,-3.542921242296096218e-06,-3.530988862749753638e-07
-1.001412477056424617e-05,-8.440963643732016978e-07,8.541627481840484896e-07
-1.013101562733203788e-05,-1.937641761186171132e-06,2.361619304523975227e-07
-7.600312484964467996e-06,-3.673319186389838422e-06,7.123963957462380371e-07
-9.219467272641576066e-06,-2.219394694483429130e-06,3.221587030322141728e-07
-9.242904480043154846e-06,-2.052883135599893496e-06,7.348456496963318481e-07
-8.494688887832295619e-06,-2.516624520767154964e-06,3.200697533201024700e-07
-1.836045061186930091e-05,2.816728358564535836e-06,3.609636407425227650e-06
-9.625406888129197714e-06,-1.957111338313637364e-06,6.734038901777902146e-07
-9.436329567605845369e-06,-1.198057511152735227e-06,1.087558207567262928e-06
-8.907778506258625664e-06,-2.397097262175173519e-06,8.725086521146914931e-07
-8.857878921299908547e-06,-2.989525123557218613e-06,3.432572685031293193e-07
-8.106995940067349856e-06,-3.078053005856683940e-06,6.135148022989099279e-07
-9.958694197619097292e-06,-2.752629135730782372e-06,3.783149567350850850e-07
-3.272819374411222728e-05,1.048887720178734196e-05,5.038866164336530237e-06
-8.333728838219599366e-06,-3.378218221562889005e-06,1.927541546891176132e-07
-9.774589955019161224e-06,-3.224296092327696717e-06,-1.736705154485899804e-08
-1.234818115428507553e-05,-1.731051326087144098e-06,-3.153186357587576803e-07
-7.660994308812712128e-06,-3.087479365548754195e-06,5.380315511882390790e-08
-9.399439105158823794e-06,-2.702306736996608617e-06,-6.052739854406755836e-07
-9.444953578756763954e-06,-2.267753404635482314e-06,1.102972498714535016e-06
-9.456226630490148768e-06,-2.713147450976639874e-06,7.686198783919024948e-07
-9.162666375767122227e-06,-2.540523973300647251e-06,7.014800079848246451e-07
-8.426576677851303605e-06,-3.283335572031470499e-06,-1.854688847709549170e-07
-1.163755808232686785e-05,-1.915197092814869290e-07,9.247352296978272585e-07
-9.731896230567326609e-06,-2.823969656710357852e-06,-1.804967227484376262e-07
-7.839769447324055021e-06,-2.305170704198101949e-06,1.013848962557583667e-06
-8.061057568296495432e-06,-2.552900831223672490e-06,1.029816249357117182e-06
-9.345984859028168284e-06,-1.813838108984895461e-06,7.164381794471562502e-07
-7.956739725494933619e-06,-2.139007574052923388e-06,6.086928427439066519e-07
-8.290223672840765911e-06,-2.043511582935289844e-06,9.114405787555023484e-07
-7.812646316484229511e-06,-2.666043959722048449e-06,1.993449581533759293e-09
-8.755690293624094006e-06,-2.061824191419615971e-06,6.971744117923314554e-07
-1.000635135090023800e-05,-4.300731191207351472e-06,2.253808232937347546e-06
-7.836376340708077392e-06,-2.351024285179883458e-06,6.048006218524022283e-07
-8.113256801011572370e-06,-2.091525155123354774e-06,4.909442055847954457e-07
-8.354238743978483172e-06,-1.980186186614111361e-06,4.954714753542349285e-07
-1.022001204462984740e-05,-1.628664829752720243e-06,4.377060178737119150e-07
-1.327552102703796522e-05,-5.245010595681492396e-06,5.037207225949829797e-06
-1.214109529371995627e-05,-9.077024828007278069e-06,5.997726330227014771e-06
-7.812916905363638867e-06,-2.682817214500963174e-06,4.810073047554870604e-07
-9.199168269051805316e-06,-2.919175266494466281e-06,1.065288537941934041e-08
-1.020983188858818361e-05,-2.399176511321672478e-06,-3.328993753615905623e-07
-1.051418889607911332e-05,-1.091885593527656442e-06,5.851396970990710083e-07
-9.604386033637747570e-06,-2.783879351981911396e-06,9.710582556806625318e-07
-8.387740647147200697e-06,-2.452260035550085415e-06,5.768383293362887518e-07
-8.095237204565949168e-06,-3.445388549775920237e-06,-2.305221893508999637e-08
-1.029271588339403195e-05,-1.524372441919784870e-06,4.682335278350377834e-07
-9.905388333390723580e-06,-2.597410278267595197e-06,1.250920551580311240e-06
-8.032233282711694202e-06,-2.481690805707382511e-06,6.414863378603407970e-07
-7.513054888385812445e-06,-3.164689837632545824e-06,1.909894668859840618e-07
-9.126807316129734401e-06,-2.024615966978952993e-06,3.424905469902179513e-07
-9.664047118752167121e-06,-2.043411502294876098e-06,1.209895412305379658e-06
-8.169807912539924226e-06,-2.122158801091723223e-06,3.110675202730615539e-07
-9.864789628490842934e-06,-1.839214936555745597e-06,5.614699335999356815e-07
-8.800492903526825741e-06,-2.687734433542824433e-06,5.613199747191255307e-07
-8.667872470042935180e-06,-3.171907111689413385e-06,1.129733857232649385e-07
-8.324319641064920481e-06,-3.110235235946118765e-06,-7.271516688201027907e-08
-9.404842920870786277e-06,-1.662753127597913673e-06,5.284121495190145862e-07
-1.209690762679921083e-05,-4.462614824378793496e-07,2.890410564996221377e-07
-1.006074213419908560e-05,-1.011304243910010901e-06,7.567533045259500914e-07
-7.380601902948243669e-06,-2.730400543295600207e-06,6.507875809524319326e-07
-8.100698259164358208e-06,-2.538862333804417029e-06,3.605771074255530629e-07
-9.293693726256021596e-06,-9.023910707491931636e-07,1.331245404546618541e-06
-9.143641042828081874e-06,-1.429507964040473477e-06,7.028567758769829565e-07
-7.942866063192549262e-06,-1.945689540900597643e-06,3.224264498912802467e-07
-8.844638797729206440e-06,-2.143721287990141008e-06,2.791831086913147682e-07
-1.546592899470150374e-05,-2.488491289608091340e-06,4.878934372406866087e-06
-8.974352401041527083e-06,-2.527751466852346475e-06,-2.797676342907353936e-07
-1.437613519419463109e-05,-9.864423829788272462e-07,1.458663106347393944e-06
-9.285341143239710026e-06,-2.714383369561683141e-06,3.098485881467507964e-06
-8.216412773746532779e-06,-2.857518366269307861e-06,-2.470188755380116573e-07
-8.469044757366676516e-06,-3.321356165197578265e-06,-2.151949818197799793e-07
-8.719652583981382719e-06,-2.693668370344189266e-06,2.638767632919095384e-07
-9.850215112177992876e-06,-1.702068009913405044e-06,9.216186881697636357e-07
-7.480192092041188334e-06,-3.265451005576909429e-06,2.160563677423852497e-07
-8.121864887087609791e-06,-2.332651014912018260e-06,1.464096221893819597e-07
-7.797848816267063726e-06,-3.186890790990464191e-06,-3.101485733396973949e-09
-1.027171113701925169e-05,-1.993481437097807694e-06,2.914603624543915990e-07
-1.168699004906881283e-05,2.612023596233167399e-07,1.345278910548937704e-06
-9.716973123093158705e-06,-1.001730464350248812e-06,7.103078142115906008e-07
-8.957010804110836569e-06,-2.566278668292242897e-06,-1.581752245128947919e-08
-9.083382024545052304e-06,-1.887752095575741558e-06,7.793522638316188045e-07
-7.643350368127503776e-06,-2.682298842397997024e-06,3.765273946704002342e-08
-7.534914607439064399e-06,-2.748344698801383113e-06,2.852657864848192915e-07
-8.995900961563995318e-06,-2.468127441590495514e-06,4.128078539056897100e-07
-8.503806410705914683e-06,-2.837409413699422510e-06,-1.646268578268790885e-07
-8.627893253240604787e-06,-2.195476823101714978e-06,3.639771012554403345e-07
-8.156862892376893511e-06,-3.061372568308122258e-06,-1.617290804951872177e-07
-8.543659168804874576e-06,-2.272285773195083328e-06,7.269375885926241218e-07
-8.027905234863681348e-06,-2.867797685551619047e-06,1.266630873413938381e-06
-7.884426585325524542e-06,-3.551733763983996897e-06,5.369536911548191163e-08
-9.547339002728792096e-06,-3.403998370515484086e-06,-4.557421232040761791e-07
-1.039209005382931409e-05,-4.717316722690259026e-06,-1.489551162104561744e-06
-1.125022229788027748e-05,-4.436073747921473092e-06,-1.175460246562664939e-06
-8.987802878602941991e-06,-3.484010022420079798e-06,-5.680259293424789663e-07
-1.978087698748755413e-05,-1.034224660653858900e-05,1.065445664701250748e-05
-1.052517305187591615e-05,-3.522582703619843881e-06,-1.148768032633186765e-06
-1.105114143593154102e-05,-6.043243237425448600e-06,-1.214069732418677850e-06
-9.331090879468997018e-06,-2.404639331811082195e-06,2.935257354016061092e-07
-1.040910858741691038e-05,-2.368403214547655999e-06,-2.629598586987471057e-07
-8.838112988281792006e-06,-2.835818234116588465e-06,-2.988811676450848591e-08
-8.439367732258860346e-06,-2.759176558523344041e-06,1.129889260187155004e-07
-9.424710676364124988e-06,-4.220448168141543118e-06,-6.729472661654247763e-08
-8.817391201817166791e-06,-3.427771221418206984e-06,-3.537937271779511539e-07
-1.155185072251349515e-05,-1.064082784144187160e-06,1.036287544663622423e-06
-9.113796180175003786e-06,-2.611613850430591912e-06,1.052767689588683641e-07
-1.079038047445068522e-05,-2.290073926994514478e-06,1.975807895121223963e-07
-1.732469076706995347e-05,-1.273550978695008129e-06,5.042620744472951518e-06
-8.737594674974889975e-06,-2.711589153057844245e-06,-1.408017635001906435e-07
-1.114849179410598897e-05,-1.530520181048195795e-06,1.177183828757887732e-06
-9.986545154494623318e-06,-2.231949960985135884e-06,3.121396529532790388e-07
-8.254694339931143145e-06,-2.495584492203617350e-06,6.259318437114180051e-07
-1.202789815705664581e-05,-1.294939907443990432e-06,6.088030277739094077e-07
-1.155541594988035065e-05,-2.447203080109778645e-06,2.944828649560096522e-06
-9.357701291393101130e-06,-2.845630172242293867e-06,5.379692179037531430e-07
-8.584252382934300609e-06,-2.246808600823537620e-06,2.531011013972496975e-07
-8.836486649425713013e-06,-1.460275132775051896e-06,9.498597196286732498e-07
-8.329328561123099908e-06,-2.232406005507545613e-06,4.927462924249693049e-07
-8.534293178202875612e-06,-2.365302052192404239e-06,3.502006039739381394e-07
-1.120236343452475111e-05,-1.412257857479096582e-06,1.003962165600262514e-06
-1.346522099873344709e-05,-8.915913032621899103e-07,6.216598212801405122e-08
-1.186490060979384064e-05,-1.790325210580424040e-06,2.896832493367965893e-08
-1.061476919841814276e-05,-1.384419834167599853e-06,8.267689838976985417e-07
-1.091006174917805564e-05,-1.841770544608800241e-06,1.714823662320806789e-07
-1.241592795402508019e-05,-5.169624224507810243e-07,5.852654716780152862e-07
-7.883507566709611712e-06,-2.342272013947653704e-06,7.817309210279808915e-07
-7.751272798265457177e-06,-2.841331529476362998e-06,5.887672186769716714e-07
-9.180931032414335028e-06,-2.922072377951520820e-06,3.516983859721553017e-07
-1.318473111043164178e-05,-4.169659091573288430e-07,4.208311858117852602e-07
-1.409661156640682705e-05,-8.979929898262756631e-07,-1.009241088912032395e-08
-2.315718630160232443e-05,2.773139302503557935e-06,6.269621252555265338e-06
